,events.out.tfevents.1556352201.drltf.events.model
1000,0.0
2000,0.0
3000,0.0
4000,0.0
5000,0.0
6000,0.0
7000,0.0
8000,0.0
9000,0.0
10000,0.0
11000,0.0
12000,0.0
13000,0.0
14000,0.0
15000,0.0
16000,0.0
17000,0.0
18000,0.0
19000,0.0
20000,0.0
21000,0.0
22000,0.0
23000,0.0
24000,0.0
25000,0.0
26000,0.0
27000,0.0
28000,0.0
29000,0.0
30000,0.0
31000,0.0
32000,0.0
33000,0.0
34000,0.0
35000,0.0
36000,0.0
37000,0.0
38000,0.0
39000,0.0
40000,0.0
41000,0.0
42000,0.0
43000,0.0
44000,0.0
45000,0.0
46000,0.0
47000,0.0
48000,0.0
49000,0.0
50000,0.0
51000,0.0
52000,0.0
53000,0.0
54000,0.0
55000,0.0
56000,0.0
57000,0.0
58000,0.0
59000,0.0
60000,0.0
61000,0.0
62000,0.0
63000,0.0
64000,0.0
65000,0.0
66000,0.0
67000,0.0
68000,0.0
69000,0.0
70000,0.0
71000,0.0
72000,0.0
73000,0.0
74000,0.0
75000,0.0
76000,0.0
77000,0.0
78000,0.0
79000,0.0
80000,0.0
81000,0.0
82000,0.0
83000,0.0
84000,0.0
85000,0.0
86000,0.0
87000,0.0
88000,0.0
89000,0.0
90000,0.0
91000,0.0
92000,0.0
93000,0.0
94000,0.0
95000,0.0
96000,0.0
97000,0.0
98000,0.0
99000,0.0
100000,0.0
101000,0.0
102000,0.0
103000,0.0
104000,0.0
105000,0.0
106000,0.0
107000,0.0
108000,0.0
109000,0.0
110000,0.0
111000,0.0
112000,0.0
113000,0.0
114000,0.0
115000,0.0
116000,0.0
117000,0.0
118000,0.0
119000,0.0
120000,0.0
121000,0.20000000298023224
122000,0.25
123000,0.25
124000,0.25
125000,0.25
126000,0.25
127000,0.25
128000,0.25
129000,0.25
130000,0.05000000074505806
131000,0.0
132000,0.0
133000,0.0
134000,0.0
135000,0.0
136000,0.0
137000,0.0
138000,0.0
139000,0.0
140000,0.0
141000,0.0
142000,0.0
143000,0.0
144000,0.0
145000,0.0
146000,0.0
147000,0.0
148000,0.0
149000,0.0
150000,0.0
151000,0.0
152000,0.0
153000,0.0
154000,0.0
155000,0.0
156000,0.0
157000,0.0
158000,0.0
159000,0.05000000074505806
160000,0.05000000074505806
161000,0.05000000074505806
162000,0.05000000074505806
163000,0.05000000074505806
164000,0.05000000074505806
165000,0.05000000074505806
166000,0.10000000149011612
167000,0.10000000149011612
168000,0.10000000149011612
169000,0.05000000074505806
170000,0.05000000074505806
171000,0.05000000074505806
172000,0.05000000074505806
173000,0.10000000149011612
174000,0.10000000149011612
175000,0.15000000596046448
176000,0.25
177000,0.20000000298023224
178000,0.25
179000,0.25
180000,0.25
181000,0.25
182000,0.25
183000,0.25
184000,0.20000000298023224
185000,0.20000000298023224
186000,0.20000000298023224
187000,0.15000000596046448
188000,0.20000000298023224
189000,0.25
190000,0.30000001192092896
191000,0.3499999940395355
192000,0.3499999940395355
193000,0.3499999940395355
194000,0.3499999940395355
195000,0.3499999940395355
196000,0.3499999940395355
197000,0.3499999940395355
198000,0.3499999940395355
199000,0.3499999940395355
200000,0.25
201000,0.20000000298023224
202000,0.10000000149011612
203000,0.05000000074505806
204000,0.0
205000,0.0
206000,0.0
207000,0.0
208000,0.0
209000,0.0
210000,0.0
211000,0.0
212000,0.0
213000,0.0
214000,0.0
215000,0.0
216000,0.0
217000,0.0
218000,0.0
219000,0.0
220000,0.0
221000,0.0
222000,0.0
223000,0.0
224000,0.0
225000,0.0
226000,0.0
227000,0.0
228000,0.0
229000,0.0
230000,0.0
231000,0.0
232000,0.0
233000,0.0
234000,0.0
235000,0.0
236000,0.0
237000,0.0
238000,0.0
239000,0.0
240000,0.0
241000,0.0
242000,0.0
243000,0.0
244000,0.0
245000,0.0
246000,0.0
247000,0.0
248000,0.0
249000,0.0
250000,0.10000000149011612
251000,0.10000000149011612
252000,0.10000000149011612
253000,0.10000000149011612
254000,0.10000000149011612
255000,0.10000000149011612
256000,0.10000000149011612
257000,0.10000000149011612
258000,0.10000000149011612
259000,0.10000000149011612
260000,0.10000000149011612
261000,0.10000000149011612
262000,0.10000000149011612
263000,0.10000000149011612
264000,0.10000000149011612
265000,0.10000000149011612
266000,0.10000000149011612
267000,0.0
268000,0.0
269000,0.0
270000,0.0
271000,0.0
272000,0.0
273000,0.0
274000,0.0
275000,0.0
276000,0.0
277000,0.0
278000,0.0
279000,0.0
280000,0.0
281000,0.0
282000,0.0
283000,0.0
284000,0.0
285000,0.0
286000,0.0
287000,0.0
288000,0.05000000074505806
289000,0.15000000596046448
290000,0.25
291000,0.5
292000,0.5
293000,0.5
294000,0.5
295000,0.8999999761581421
296000,1.0
297000,1.0499999523162842
298000,1.0499999523162842
299000,1.0499999523162842
300000,1.0499999523162842
301000,1.0499999523162842
302000,1.649999976158142
303000,1.649999976158142
304000,1.7000000476837158
305000,1.7000000476837158
306000,1.649999976158142
307000,1.5499999523162842
308000,1.7000000476837158
309000,1.4500000476837158
310000,1.4500000476837158
311000,1.4500000476837158
312000,1.5
313000,1.2000000476837158
314000,1.100000023841858
315000,1.0499999523162842
316000,1.0499999523162842
317000,1.0499999523162842
318000,1.0499999523162842
319000,0.6000000238418579
320000,0.6000000238418579
321000,0.8999999761581421
322000,0.8999999761581421
323000,0.8999999761581421
324000,0.949999988079071
325000,0.699999988079071
326000,0.75
327000,0.800000011920929
328000,0.8999999761581421
329000,0.800000011920929
330000,0.800000011920929
331000,0.8500000238418579
332000,0.949999988079071
333000,0.949999988079071
334000,0.949999988079071
335000,0.8500000238418579
336000,0.800000011920929
337000,0.800000011920929
338000,0.5
339000,0.5
340000,0.699999988079071
341000,0.949999988079071
342000,1.5
343000,1.4500000476837158
344000,1.2999999523162842
345000,1.399999976158142
346000,1.399999976158142
347000,1.350000023841858
348000,1.399999976158142
349000,1.5499999523162842
350000,1.5499999523162842
351000,2.3499999046325684
352000,2.3499999046325684
353000,2.450000047683716
354000,2.299999952316284
355000,2.75
356000,2.549999952316284
357000,1.9500000476837158
358000,2.049999952316284
359000,2.049999952316284
360000,2.049999952316284
361000,2.0999999046325684
362000,2.049999952316284
363000,1.9500000476837158
364000,1.850000023841858
365000,2.5
366000,1.9500000476837158
367000,2.200000047683716
368000,2.1500000953674316
369000,2.299999952316284
370000,1.7999999523162842
371000,1.899999976158142
372000,2.0
373000,2.4000000953674316
374000,2.450000047683716
375000,2.3499999046325684
376000,2.4000000953674316
377000,2.450000047683716
378000,2.5999999046325684
379000,3.1500000953674316
380000,3.1500000953674316
381000,2.299999952316284
382000,2.799999952316284
383000,2.75
384000,2.75
385000,2.75
386000,2.799999952316284
387000,2.700000047683716
388000,2.6500000953674316
389000,2.25
390000,2.3499999046325684
391000,2.9000000953674316
392000,2.799999952316284
393000,2.799999952316284
394000,2.450000047683716
395000,2.4000000953674316
396000,2.9000000953674316
397000,2.4000000953674316
398000,2.5
399000,2.5
400000,2.549999952316284
401000,2.950000047683716
402000,2.950000047683716
403000,3.0
404000,2.950000047683716
405000,2.799999952316284
406000,2.3499999046325684
407000,2.3499999046325684
408000,2.3499999046325684
409000,2.3499999046325684
410000,2.3499999046325684
411000,2.049999952316284
412000,1.5499999523162842
413000,1.5499999523162842
414000,1.25
415000,1.100000023841858
416000,0.949999988079071
417000,0.6000000238418579
418000,0.6000000238418579
419000,0.550000011920929
420000,0.44999998807907104
421000,0.6000000238418579
422000,0.6000000238418579
423000,0.699999988079071
424000,0.699999988079071
425000,0.699999988079071
426000,1.0499999523162842
427000,1.0
428000,1.2999999523162842
429000,1.2999999523162842
430000,1.399999976158142
431000,1.399999976158142
432000,1.399999976158142
433000,1.600000023841858
434000,2.049999952316284
435000,2.049999952316284
436000,2.3499999046325684
437000,2.5
438000,2.4000000953674316
439000,2.4000000953674316
440000,2.4000000953674316
441000,2.0
442000,2.0
443000,2.200000047683716
444000,2.049999952316284
445000,2.0
446000,1.899999976158142
447000,1.899999976158142
448000,1.75
449000,1.649999976158142
450000,1.2999999523162842
451000,1.0
452000,1.100000023841858
453000,1.0
454000,1.0
455000,0.949999988079071
456000,1.2000000476837158
457000,1.5
458000,1.75
459000,1.5499999523162842
460000,1.4500000476837158
461000,1.649999976158142
462000,1.7000000476837158
463000,1.7999999523162842
464000,1.7999999523162842
465000,1.850000023841858
466000,1.850000023841858
467000,1.9500000476837158
468000,1.7999999523162842
469000,1.7999999523162842
470000,1.7999999523162842
471000,1.7999999523162842
472000,1.5499999523162842
473000,1.600000023841858
474000,1.600000023841858
475000,1.5499999523162842
476000,1.350000023841858
477000,1.399999976158142
478000,1.2999999523162842
479000,1.25
480000,1.2000000476837158
481000,1.149999976158142
482000,1.100000023841858
483000,0.800000011920929
484000,0.75
485000,0.75
486000,0.949999988079071
487000,0.75
488000,0.699999988079071
489000,0.4000000059604645
490000,0.4000000059604645
491000,0.550000011920929
492000,0.6499999761581421
493000,0.699999988079071
494000,0.699999988079071
495000,0.949999988079071
496000,1.100000023841858
497000,1.2000000476837158
498000,1.350000023841858
499000,1.899999976158142
500000,2.049999952316284
501000,2.1500000953674316
502000,2.299999952316284
503000,2.299999952316284
504000,2.25
505000,2.25
506000,2.3499999046325684
507000,2.3499999046325684
508000,2.3499999046325684
509000,2.4000000953674316
510000,2.4000000953674316
511000,2.549999952316284
512000,2.549999952316284
513000,2.450000047683716
514000,2.450000047683716
515000,2.299999952316284
516000,1.600000023841858
517000,1.649999976158142
518000,1.7000000476837158
519000,1.5499999523162842
520000,1.4500000476837158
521000,1.4500000476837158
522000,1.399999976158142
523000,1.5
524000,1.899999976158142
525000,1.7999999523162842
526000,1.75
527000,1.850000023841858
528000,1.7999999523162842
529000,1.5499999523162842
530000,1.5499999523162842
531000,1.600000023841858
532000,1.600000023841858
533000,1.600000023841858
534000,1.899999976158142
535000,1.75
536000,1.7000000476837158
537000,1.850000023841858
538000,2.3499999046325684
539000,2.75
540000,3.049999952316284
541000,3.049999952316284
542000,2.75
543000,3.0
544000,2.799999952316284
545000,2.9000000953674316
546000,3.0
547000,3.0
548000,2.950000047683716
549000,2.799999952316284
550000,2.799999952316284
551000,2.799999952316284
552000,2.6500000953674316
553000,2.549999952316284
554000,2.549999952316284
555000,2.6500000953674316
556000,2.8499999046325684
557000,2.299999952316284
558000,1.899999976158142
559000,2.0
560000,2.0
561000,1.899999976158142
562000,1.600000023841858
563000,1.5
564000,1.399999976158142
565000,1.5499999523162842
566000,1.649999976158142
567000,2.200000047683716
568000,2.25
569000,2.3499999046325684
570000,2.3499999046325684
571000,2.4000000953674316
572000,2.4000000953674316
573000,2.5
574000,2.5
575000,2.4000000953674316
576000,2.049999952316284
577000,1.7999999523162842
578000,1.7999999523162842
579000,1.7999999523162842
580000,1.600000023841858
581000,1.600000023841858
582000,1.600000023841858
583000,1.600000023841858
584000,1.600000023841858
585000,1.7000000476837158
586000,1.4500000476837158
587000,1.25
588000,0.699999988079071
589000,0.6499999761581421
590000,0.6499999761581421
591000,0.550000011920929
592000,0.5
593000,0.4000000059604645
594000,0.30000001192092896
595000,0.3499999940395355
596000,0.3499999940395355
597000,0.3499999940395355
598000,0.3499999940395355
599000,0.30000001192092896
600000,0.25
601000,0.25
602000,0.30000001192092896
603000,0.30000001192092896
604000,0.30000001192092896
605000,0.30000001192092896
606000,0.4000000059604645
607000,0.4000000059604645
608000,0.3499999940395355
609000,0.550000011920929
610000,0.8500000238418579
611000,1.100000023841858
612000,1.2000000476837158
613000,1.25
614000,1.2000000476837158
615000,1.149999976158142
616000,1.149999976158142
617000,1.2000000476837158
618000,1.2999999523162842
619000,1.5
620000,1.5499999523162842
621000,1.75
622000,1.75
623000,1.899999976158142
624000,1.899999976158142
625000,2.049999952316284
626000,1.850000023841858
627000,1.850000023841858
628000,1.899999976158142
629000,1.75
630000,2.1500000953674316
631000,2.1500000953674316
632000,2.1500000953674316
633000,2.0999999046325684
634000,2.0999999046325684
635000,2.25
636000,2.450000047683716
637000,2.450000047683716
638000,2.6500000953674316
639000,2.700000047683716
640000,2.700000047683716
641000,2.5
642000,2.450000047683716
643000,2.549999952316284
644000,2.549999952316284
645000,2.6500000953674316
646000,2.549999952316284
647000,2.5999999046325684
648000,2.5999999046325684
649000,2.549999952316284
650000,2.5
651000,2.5
652000,1.7999999523162842
653000,1.5499999523162842
654000,1.5
655000,1.600000023841858
656000,1.600000023841858
657000,1.4500000476837158
658000,1.25
659000,1.25
660000,1.25
661000,1.0
662000,0.75
663000,0.8999999761581421
664000,1.0
665000,1.0
666000,1.100000023841858
667000,0.8500000238418579
668000,0.8500000238418579
669000,0.800000011920929
670000,0.75
671000,0.75
672000,0.949999988079071
673000,1.0
674000,1.100000023841858
675000,1.100000023841858
676000,1.2000000476837158
677000,1.149999976158142
678000,1.0499999523162842
679000,1.0499999523162842
680000,1.2999999523162842
681000,1.2999999523162842
682000,1.399999976158142
683000,1.399999976158142
684000,1.4500000476837158
685000,1.4500000476837158
686000,1.2999999523162842
687000,1.2000000476837158
688000,1.2000000476837158
689000,1.2000000476837158
690000,1.2000000476837158
691000,1.2999999523162842
692000,1.2999999523162842
693000,1.350000023841858
694000,1.5499999523162842
695000,1.4500000476837158
696000,1.4500000476837158
697000,1.600000023841858
698000,1.5
699000,1.399999976158142
700000,1.5
701000,1.5
702000,1.600000023841858
703000,1.600000023841858
704000,1.350000023841858
705000,1.4500000476837158
706000,1.399999976158142
707000,1.2999999523162842
708000,1.2999999523162842
709000,1.399999976158142
710000,1.399999976158142
711000,1.399999976158142
712000,1.350000023841858
713000,1.4500000476837158
714000,1.5
715000,1.7000000476837158
716000,1.7000000476837158
717000,1.899999976158142
718000,1.7000000476837158
719000,1.7000000476837158
720000,1.7000000476837158
721000,1.850000023841858
722000,1.850000023841858
723000,1.75
724000,1.649999976158142
725000,1.649999976158142
726000,1.7000000476837158
727000,1.9500000476837158
728000,2.0
729000,2.0999999046325684
730000,2.0999999046325684
731000,2.1500000953674316
732000,2.25
733000,2.5
734000,2.5
735000,2.450000047683716
736000,2.3499999046325684
737000,2.0999999046325684
738000,2.0999999046325684
739000,1.899999976158142
740000,1.7999999523162842
741000,1.7999999523162842
742000,1.7000000476837158
743000,1.7000000476837158
744000,1.5
745000,1.5
746000,1.350000023841858
747000,1.350000023841858
748000,1.350000023841858
749000,1.5
750000,1.5
751000,1.5
752000,1.100000023841858
753000,1.0499999523162842
754000,0.949999988079071
755000,0.949999988079071
756000,0.8999999761581421
757000,0.6499999761581421
758000,0.4000000059604645
759000,0.5
760000,0.5
761000,0.5
762000,0.550000011920929
763000,0.6499999761581421
764000,0.800000011920929
765000,0.75
766000,0.800000011920929
767000,0.800000011920929
768000,1.149999976158142
769000,1.4500000476837158
770000,1.4500000476837158
771000,1.5
772000,1.5
773000,1.649999976158142
774000,1.7000000476837158
775000,1.899999976158142
776000,1.899999976158142
777000,1.899999976158142
778000,2.049999952316284
779000,2.049999952316284
780000,2.049999952316284
781000,2.049999952316284
782000,2.049999952316284
783000,2.25
784000,2.1500000953674316
785000,2.1500000953674316
786000,2.0999999046325684
787000,2.0999999046325684
788000,2.0
789000,1.9500000476837158
790000,1.9500000476837158
791000,1.899999976158142
792000,1.899999976158142
793000,1.850000023841858
794000,1.5499999523162842
795000,1.5499999523162842
796000,1.5499999523162842
797000,1.5499999523162842
798000,1.399999976158142
799000,1.2000000476837158
800000,1.2000000476837158
801000,0.949999988079071
802000,0.8999999761581421
803000,0.75
804000,0.75
805000,0.75
806000,0.949999988079071
807000,1.25
808000,1.100000023841858
809000,1.100000023841858
810000,1.100000023841858
811000,1.149999976158142
812000,1.149999976158142
813000,1.149999976158142
814000,1.149999976158142
815000,1.0499999523162842
816000,1.0
817000,1.0499999523162842
818000,1.0499999523162842
819000,0.75
820000,0.75
821000,0.75
822000,0.699999988079071
823000,0.699999988079071
824000,1.4500000476837158
825000,1.4500000476837158
826000,1.4500000476837158
827000,1.4500000476837158
828000,1.4500000476837158
829000,1.649999976158142
830000,1.5
831000,1.2999999523162842
832000,1.2999999523162842
833000,1.350000023841858
834000,1.399999976158142
835000,1.350000023841858
836000,1.399999976158142
837000,1.5
838000,2.5999999046325684
839000,2.5999999046325684
840000,3.450000047683716
841000,3.6500000953674316
842000,3.75
843000,3.75
844000,3.75
845000,3.75
846000,3.799999952316284
847000,3.8499999046325684
848000,3.8499999046325684
849000,3.0999999046325684
850000,3.200000047683716
851000,3.25
852000,3.25
853000,3.299999952316284
854000,3.1500000953674316
855000,3.0999999046325684
856000,3.0999999046325684
857000,3.049999952316284
858000,3.049999952316284
859000,3.1500000953674316
860000,3.1500000953674316
861000,3.450000047683716
862000,3.5999999046325684
863000,3.6500000953674316
864000,3.6500000953674316
865000,2.549999952316284
866000,1.649999976158142
867000,1.399999976158142
868000,1.399999976158142
869000,1.399999976158142
870000,1.5
871000,1.649999976158142
872000,1.600000023841858
873000,1.600000023841858
874000,1.600000023841858
875000,1.649999976158142
876000,1.5499999523162842
877000,1.5499999523162842
878000,1.5
879000,1.4500000476837158
880000,1.5
881000,1.7000000476837158
882000,1.7000000476837158
883000,1.649999976158142
884000,1.5499999523162842
885000,1.399999976158142
886000,1.399999976158142
887000,1.100000023841858
888000,0.8999999761581421
889000,0.8999999761581421
890000,0.800000011920929
891000,0.800000011920929
892000,0.800000011920929
893000,0.800000011920929
894000,0.800000011920929
895000,1.100000023841858
896000,1.0499999523162842
897000,1.0
898000,1.0
899000,1.100000023841858
900000,1.25
901000,1.399999976158142
902000,1.4500000476837158
903000,1.4500000476837158
904000,1.4500000476837158
905000,1.4500000476837158
906000,1.5499999523162842
907000,1.5499999523162842
908000,1.350000023841858
909000,1.350000023841858
910000,1.350000023841858
911000,1.5
912000,1.600000023841858
913000,1.649999976158142
914000,1.649999976158142
915000,1.649999976158142
916000,1.649999976158142
917000,1.649999976158142
918000,1.649999976158142
919000,1.75
920000,1.75
921000,1.350000023841858
922000,1.350000023841858
923000,1.25
924000,1.25
925000,1.350000023841858
926000,1.350000023841858
927000,1.149999976158142
928000,1.149999976158142
929000,1.149999976158142
930000,1.350000023841858
931000,1.25
932000,1.149999976158142
933000,1.149999976158142
934000,1.2000000476837158
935000,1.2000000476837158
936000,1.0499999523162842
937000,1.0
938000,0.949999988079071
939000,0.949999988079071
940000,0.949999988079071
941000,0.949999988079071
942000,0.949999988079071
943000,1.100000023841858
944000,1.100000023841858
945000,1.100000023841858
946000,1.100000023841858
947000,1.100000023841858
948000,1.0499999523162842
949000,1.149999976158142
950000,0.949999988079071
951000,0.75
952000,0.75
953000,0.75
954000,0.699999988079071
955000,0.5
956000,0.5
957000,0.5
958000,0.5
959000,0.5
960000,0.44999998807907104
961000,0.44999998807907104
962000,0.44999998807907104
963000,0.4000000059604645
964000,0.4000000059604645
965000,0.4000000059604645
966000,0.6000000238418579
967000,0.6499999761581421
968000,0.6499999761581421
969000,0.5
970000,0.4000000059604645
971000,0.4000000059604645
972000,0.4000000059604645
973000,0.4000000059604645
974000,0.4000000059604645
975000,0.30000001192092896
976000,0.30000001192092896
977000,0.30000001192092896
978000,0.30000001192092896
979000,0.30000001192092896
980000,0.4000000059604645
981000,0.4000000059604645
982000,0.4000000059604645
983000,0.44999998807907104
984000,0.550000011920929
985000,0.699999988079071
986000,0.699999988079071
987000,1.25
988000,1.600000023841858
989000,1.649999976158142
990000,1.649999976158142
991000,1.7000000476837158
992000,1.7000000476837158
993000,1.7000000476837158
994000,1.7000000476837158
995000,1.7999999523162842
996000,1.899999976158142
997000,2.1500000953674316
998000,2.1500000953674316
999000,2.1500000953674316
1000000,2.1500000953674316
1001000,2.4000000953674316
1002000,2.6500000953674316
1003000,2.6500000953674316
1004000,2.799999952316284
1005000,2.799999952316284
1006000,2.700000047683716
1007000,2.9000000953674316
1008000,3.0
1009000,2.9000000953674316
1010000,2.8499999046325684
1011000,2.8499999046325684
1012000,2.4000000953674316
1013000,2.0999999046325684
1014000,2.0999999046325684
1015000,2.0999999046325684
1016000,1.9500000476837158
1017000,1.850000023841858
1018000,2.0999999046325684
1019000,2.0999999046325684
1020000,2.0
1021000,1.7999999523162842
1022000,2.0
1023000,2.1500000953674316
1024000,2.1500000953674316
1025000,1.899999976158142
1026000,1.7000000476837158
1027000,1.7000000476837158
1028000,1.5499999523162842
1029000,1.5499999523162842
1030000,1.600000023841858
1031000,1.600000023841858
1032000,1.4500000476837158
1033000,1.4500000476837158
1034000,1.350000023841858
1035000,1.25
1036000,1.25
1037000,1.2000000476837158
1038000,1.350000023841858
1039000,1.2999999523162842
1040000,1.2999999523162842
1041000,1.2999999523162842
1042000,1.2999999523162842
1043000,0.949999988079071
1044000,1.2000000476837158
1045000,1.149999976158142
1046000,0.949999988079071
1047000,0.949999988079071
1048000,1.100000023841858
1049000,1.100000023841858
1050000,1.0499999523162842
1051000,1.0499999523162842
1052000,1.0499999523162842
1053000,1.0499999523162842
1054000,1.0499999523162842
1055000,0.8999999761581421
1056000,0.949999988079071
1057000,0.949999988079071
1058000,1.0499999523162842
1059000,1.2000000476837158
1060000,1.350000023841858
1061000,1.25
1062000,1.25
1063000,1.25
1064000,1.25
1065000,1.25
1066000,1.25
1067000,1.0
1068000,1.0
1069000,1.0499999523162842
1070000,0.8500000238418579
1071000,0.8999999761581421
1072000,0.949999988079071
1073000,1.0
1074000,1.0499999523162842
1075000,1.25
1076000,1.5
1077000,1.5
1078000,1.5
1079000,1.5
1080000,1.4500000476837158
1081000,1.350000023841858
1082000,1.25
1083000,1.25
1084000,1.399999976158142
1085000,1.4500000476837158
1086000,1.7000000476837158
1087000,1.75
1088000,1.899999976158142
1089000,2.0999999046325684
1090000,2.1500000953674316
1091000,2.0999999046325684
1092000,2.0999999046325684
1093000,2.3499999046325684
1094000,2.3499999046325684
1095000,2.3499999046325684
1096000,2.299999952316284
1097000,2.0999999046325684
1098000,1.7999999523162842
1099000,1.7999999523162842
1100000,1.7999999523162842
1101000,1.9500000476837158
1102000,1.9500000476837158
1103000,2.0
1104000,2.0999999046325684
1105000,2.0999999046325684
1106000,2.0999999046325684
1107000,2.0999999046325684
1108000,2.0
1109000,1.850000023841858
1110000,1.899999976158142
1111000,1.899999976158142
1112000,1.850000023841858
1113000,1.649999976158142
1114000,1.5499999523162842
1115000,1.5
1116000,1.5
1117000,1.5
1118000,1.2000000476837158
1119000,1.2999999523162842
1120000,1.350000023841858
1121000,1.350000023841858
1122000,1.399999976158142
1123000,1.5
1124000,1.5499999523162842
1125000,1.600000023841858
1126000,1.5499999523162842
1127000,1.5499999523162842
1128000,1.5
1129000,1.399999976158142
1130000,1.399999976158142
1131000,1.399999976158142
1132000,1.2999999523162842
1133000,1.2999999523162842
1134000,1.2000000476837158
1135000,1.100000023841858
1136000,1.0
1137000,1.0
1138000,1.0499999523162842
1139000,1.149999976158142
1140000,1.149999976158142
1141000,1.149999976158142
1142000,1.2000000476837158
1143000,1.2999999523162842
1144000,1.2999999523162842
1145000,1.149999976158142
1146000,1.149999976158142
1147000,1.0499999523162842
1148000,1.0499999523162842
1149000,0.949999988079071
1150000,0.8500000238418579
1151000,0.8999999761581421
1152000,0.8999999761581421
1153000,0.800000011920929
1154000,0.75
1155000,0.8500000238418579
1156000,1.7000000476837158
1157000,1.7000000476837158
1158000,1.7000000476837158
1159000,1.7999999523162842
1160000,1.7999999523162842
1161000,2.0
1162000,2.0
1163000,2.1500000953674316
1164000,2.0999999046325684
1165000,2.200000047683716
1166000,2.4000000953674316
1167000,2.4000000953674316
1168000,2.6500000953674316
1169000,2.6500000953674316
1170000,2.8499999046325684
1171000,2.8499999046325684
1172000,3.0
1173000,3.0
1174000,3.0999999046325684
1175000,3.1500000953674316
1176000,3.0999999046325684
1177000,3.4000000953674316
1178000,3.4000000953674316
1179000,3.4000000953674316
1180000,3.549999952316284
1181000,2.700000047683716
1182000,2.700000047683716
1183000,2.6500000953674316
1184000,2.549999952316284
1185000,2.549999952316284
1186000,2.3499999046325684
1187000,2.3499999046325684
1188000,2.200000047683716
1189000,2.200000047683716
1190000,2.0
1191000,1.7999999523162842
1192000,1.7999999523162842
1193000,1.7000000476837158
1194000,1.399999976158142
1195000,1.350000023841858
1196000,1.350000023841858
1197000,1.350000023841858
1198000,1.350000023841858
1199000,1.25
1200000,1.2000000476837158
1201000,1.2000000476837158
1202000,1.149999976158142
1203000,0.800000011920929
1204000,0.800000011920929
1205000,0.800000011920929
1206000,0.6499999761581421
1207000,0.6000000238418579
1208000,0.6000000238418579
1209000,0.6000000238418579
1210000,0.75
1211000,0.75
1212000,0.75
1213000,0.800000011920929
1214000,0.800000011920929
1215000,0.800000011920929
1216000,0.800000011920929
1217000,0.8500000238418579
1218000,0.8999999761581421
1219000,0.949999988079071
1220000,1.100000023841858
1221000,1.100000023841858
1222000,1.100000023841858
1223000,1.0499999523162842
1224000,0.949999988079071
1225000,0.949999988079071
1226000,0.949999988079071
1227000,1.0
1228000,1.0
1229000,1.0
1230000,1.0
1231000,1.0
1232000,1.0
1233000,1.0499999523162842
1234000,1.2999999523162842
1235000,1.350000023841858
1236000,1.2000000476837158
1237000,1.399999976158142
1238000,1.350000023841858
1239000,1.4500000476837158
1240000,1.4500000476837158
1241000,1.5
1242000,1.7000000476837158
1243000,1.7000000476837158
1244000,1.75
1245000,1.649999976158142
1246000,1.600000023841858
1247000,1.5499999523162842
1248000,1.5499999523162842
1249000,1.5499999523162842
1250000,1.5499999523162842
1251000,1.7000000476837158
1252000,1.7000000476837158
1253000,1.7000000476837158
1254000,1.7000000476837158
1255000,1.7000000476837158
1256000,1.7000000476837158
1257000,1.7000000476837158
1258000,1.600000023841858
1259000,1.399999976158142
1260000,1.399999976158142
1261000,1.350000023841858
1262000,1.4500000476837158
1263000,1.25
1264000,1.25
1265000,1.350000023841858
1266000,1.2999999523162842
1267000,1.350000023841858
1268000,1.350000023841858
1269000,1.100000023841858
1270000,1.0499999523162842
1271000,1.0499999523162842
1272000,1.0499999523162842
1273000,1.0
1274000,1.0
1275000,0.8999999761581421
1276000,0.8999999761581421
1277000,0.8999999761581421
1278000,0.8500000238418579
1279000,0.699999988079071
1280000,0.6499999761581421
1281000,0.6499999761581421
1282000,0.6499999761581421
1283000,0.6499999761581421
1284000,0.6499999761581421
1285000,1.0
1286000,0.949999988079071
1287000,0.949999988079071
1288000,0.8500000238418579
1289000,0.8500000238418579
1290000,0.75
1291000,0.75
1292000,0.75
1293000,0.6499999761581421
1294000,0.6000000238418579
1295000,0.6000000238418579
1296000,0.5
1297000,0.5
1298000,0.44999998807907104
1299000,0.44999998807907104
1300000,0.44999998807907104
1301000,0.4000000059604645
1302000,0.4000000059604645
1303000,0.4000000059604645
1304000,0.4000000059604645
1305000,1.25
1306000,1.25
1307000,1.850000023841858
1308000,2.25
1309000,2.5999999046325684
1310000,2.5999999046325684
1311000,2.5999999046325684
1312000,2.25
1313000,2.200000047683716
1314000,2.200000047683716
1315000,2.299999952316284
1316000,2.299999952316284
1317000,2.700000047683716
1318000,2.700000047683716
1319000,2.700000047683716
1320000,2.700000047683716
1321000,2.75
1322000,2.75
1323000,2.75
1324000,2.75
1325000,2.8499999046325684
1326000,3.049999952316284
1327000,3.049999952316284
1328000,3.049999952316284
1329000,3.200000047683716
1330000,3.200000047683716
1331000,2.4000000953674316
1332000,2.4000000953674316
1333000,1.7999999523162842
1334000,1.399999976158142
1335000,1.0499999523162842
1336000,1.0499999523162842
1337000,1.0499999523162842
1338000,1.0499999523162842
1339000,1.0499999523162842
1340000,1.0499999523162842
1341000,1.0499999523162842
1342000,0.949999988079071
1343000,0.550000011920929
1344000,0.550000011920929
1345000,0.6000000238418579
1346000,0.6000000238418579
1347000,0.6000000238418579
1348000,0.550000011920929
1349000,0.550000011920929
1350000,0.550000011920929
1351000,0.550000011920929
1352000,0.44999998807907104
1353000,0.25
1354000,0.25
1355000,0.25
1356000,0.10000000149011612
1357000,0.30000001192092896
1358000,0.30000001192092896
1359000,0.25
1360000,0.25
1361000,0.25
1362000,0.25
1363000,0.25
1364000,0.30000001192092896
1365000,0.4000000059604645
1366000,0.699999988079071
1367000,0.699999988079071
1368000,0.800000011920929
1369000,0.800000011920929
1370000,0.800000011920929
1371000,0.800000011920929
1372000,0.75
1373000,0.75
1374000,0.75
1375000,0.75
1376000,0.75
1377000,0.75
1378000,0.75
1379000,0.75
1380000,0.75
1381000,0.75
1382000,0.75
1383000,0.75
1384000,0.75
1385000,0.550000011920929
1386000,0.550000011920929
1387000,0.550000011920929
1388000,0.550000011920929
1389000,0.550000011920929
1390000,0.550000011920929
1391000,0.5
1392000,0.5
1393000,0.4000000059604645
1394000,0.30000001192092896
1395000,0.30000001192092896
1396000,0.25
1397000,0.25
1398000,0.25
1399000,0.25
1400000,0.30000001192092896
1401000,0.30000001192092896
1402000,0.30000001192092896
1403000,0.3499999940395355
1404000,0.4000000059604645
1405000,0.4000000059604645
1406000,0.5
1407000,0.5
1408000,0.5
1409000,0.5
1410000,0.5
1411000,0.5
1412000,0.5
1413000,0.5
1414000,0.550000011920929
1415000,0.550000011920929
1416000,0.550000011920929
1417000,0.550000011920929
1418000,0.550000011920929
1419000,0.550000011920929
1420000,0.550000011920929
1421000,0.550000011920929
1422000,0.3499999940395355
1423000,0.3499999940395355
1424000,0.3499999940395355
1425000,0.3499999940395355
1426000,0.3499999940395355
1427000,0.3499999940395355
1428000,0.30000001192092896
1429000,0.30000001192092896
1430000,0.30000001192092896
1431000,0.44999998807907104
1432000,0.5
1433000,0.4000000059604645
1434000,0.4000000059604645
1435000,0.5
1436000,0.5
1437000,0.5
1438000,0.5
1439000,0.5
1440000,0.5
1441000,0.5
1442000,0.44999998807907104
1443000,0.44999998807907104
1444000,0.44999998807907104
1445000,0.5
1446000,0.5
1447000,0.5
1448000,0.5
1449000,0.5
1450000,0.5
1451000,0.5
1452000,0.5
1453000,0.5
1454000,0.550000011920929
1455000,0.550000011920929
1456000,0.550000011920929
1457000,0.550000011920929
1458000,0.550000011920929
1459000,0.3499999940395355
1460000,0.25
1461000,0.25
1462000,0.25
1463000,0.15000000596046448
1464000,0.15000000596046448
1465000,0.15000000596046448
1466000,0.20000000298023224
1467000,0.25
1468000,0.25
1469000,0.5
1470000,0.5
1471000,0.6499999761581421
1472000,0.6499999761581421
1473000,0.6000000238418579
1474000,0.8999999761581421
1475000,1.0499999523162842
1476000,1.0499999523162842
1477000,1.100000023841858
1478000,1.100000023841858
1479000,1.0499999523162842
1480000,1.0499999523162842
1481000,1.149999976158142
1482000,1.100000023841858
1483000,1.100000023841858
1484000,1.100000023841858
1485000,1.100000023841858
1486000,1.149999976158142
1487000,1.149999976158142
1488000,1.149999976158142
1489000,1.2000000476837158
1490000,1.350000023841858
1491000,1.350000023841858
1492000,1.350000023841858
1493000,1.2999999523162842
1494000,1.25
1495000,1.25
1496000,1.0
1497000,1.0
1498000,1.0
1499000,0.8500000238418579
1500000,0.8500000238418579
1501000,0.6000000238418579
1502000,0.6000000238418579
1503000,0.44999998807907104
1504000,0.4000000059604645
1505000,0.4000000059604645
1506000,0.4000000059604645
1507000,0.4000000059604645
1508000,0.30000001192092896
1509000,0.30000001192092896
1510000,0.30000001192092896
1511000,0.30000001192092896
1512000,0.30000001192092896
1513000,0.30000001192092896
1514000,0.25
1515000,0.25
1516000,0.25
1517000,0.20000000298023224
1518000,0.05000000074505806
1519000,0.05000000074505806
1520000,0.10000000149011612
1521000,0.10000000149011612
1522000,0.10000000149011612
1523000,0.10000000149011612
1524000,0.10000000149011612
1525000,0.10000000149011612
1526000,0.10000000149011612
1527000,0.10000000149011612
1528000,0.15000000596046448
1529000,0.15000000596046448
1530000,0.10000000149011612
1531000,0.20000000298023224
1532000,0.20000000298023224
1533000,0.20000000298023224
1534000,0.20000000298023224
1535000,0.20000000298023224
1536000,0.3499999940395355
1537000,0.3499999940395355
1538000,0.3499999940395355
1539000,0.5
1540000,0.6000000238418579
1541000,0.75
1542000,0.75
1543000,1.0
1544000,1.0
1545000,1.0
1546000,1.0499999523162842
1547000,1.2000000476837158
1548000,1.399999976158142
1549000,1.399999976158142
1550000,1.5
1551000,1.600000023841858
1552000,1.850000023841858
1553000,1.899999976158142
1554000,1.899999976158142
1555000,2.549999952316284
1556000,2.8499999046325684
1557000,2.799999952316284
1558000,2.8499999046325684
1559000,2.8499999046325684
1560000,3.4000000953674316
1561000,3.450000047683716
1562000,3.450000047683716
1563000,3.3499999046325684
1564000,3.3499999046325684
1565000,3.4000000953674316
1566000,3.299999952316284
1567000,3.299999952316284
1568000,3.1500000953674316
1569000,3.1500000953674316
1570000,3.1500000953674316
1571000,3.200000047683716
1572000,3.1500000953674316
1573000,3.1500000953674316
1574000,3.25
1575000,3.0999999046325684
1576000,3.0
1577000,3.0
1578000,2.9000000953674316
1579000,2.6500000953674316
1580000,2.6500000953674316
1581000,2.6500000953674316
1582000,2.0
1583000,1.850000023841858
1584000,1.7999999523162842
1585000,1.7999999523162842
1586000,1.850000023841858
1587000,1.350000023841858
1588000,1.350000023841858
1589000,1.350000023841858
1590000,1.2999999523162842
1591000,1.2999999523162842
1592000,1.7000000476837158
1593000,1.7000000476837158
1594000,1.9500000476837158
1595000,2.200000047683716
1596000,2.200000047683716
1597000,2.049999952316284
1598000,2.200000047683716
1599000,2.25
1600000,2.25
1601000,1.9500000476837158
1602000,2.0
1603000,2.0
1604000,2.0
1605000,2.0
1606000,2.0
1607000,2.0
1608000,1.9500000476837158
1609000,1.899999976158142
1610000,1.899999976158142
1611000,2.049999952316284
1612000,2.049999952316284
1613000,2.0
1614000,2.0
1615000,1.9500000476837158
1616000,1.899999976158142
1617000,1.899999976158142
1618000,1.899999976158142
1619000,1.899999976158142
1620000,1.399999976158142
1621000,1.399999976158142
1622000,1.149999976158142
1623000,0.8999999761581421
1624000,0.800000011920929
1625000,0.800000011920929
1626000,0.6000000238418579
1627000,0.550000011920929
1628000,0.699999988079071
1629000,0.699999988079071
1630000,0.6000000238418579
1631000,0.6000000238418579
1632000,0.6000000238418579
1633000,0.6000000238418579
1634000,0.699999988079071
1635000,0.75
1636000,0.75
1637000,0.8500000238418579
1638000,0.550000011920929
1639000,0.550000011920929
1640000,0.5
1641000,0.5
1642000,0.8999999761581421
1643000,1.0499999523162842
1644000,1.149999976158142
1645000,1.149999976158142
1646000,1.149999976158142
1647000,1.149999976158142
1648000,1.2000000476837158
1649000,1.2000000476837158
1650000,1.350000023841858
1651000,1.350000023841858
1652000,1.350000023841858
1653000,1.649999976158142
1654000,1.649999976158142
1655000,1.5
1656000,1.649999976158142
1657000,1.7000000476837158
1658000,1.7000000476837158
1659000,1.7999999523162842
1660000,1.7000000476837158
1661000,1.7000000476837158
1662000,1.75
1663000,1.75
1664000,1.75
1665000,1.75
1666000,1.75
1667000,1.350000023841858
1668000,1.350000023841858
1669000,1.2000000476837158
1670000,1.100000023841858
1671000,1.100000023841858
1672000,1.0
1673000,0.949999988079071
1674000,0.8999999761581421
1675000,0.8999999761581421
1676000,1.0
1677000,1.0
1678000,0.75
1679000,0.75
1680000,0.6499999761581421
1681000,0.6499999761581421
1682000,0.8500000238418579
1683000,0.8500000238418579
1684000,1.0499999523162842
1685000,1.149999976158142
1686000,1.0499999523162842
1687000,1.0499999523162842
1688000,1.100000023841858
1689000,1.25
1690000,1.25
1691000,1.350000023841858
1692000,1.350000023841858
1693000,1.350000023841858
1694000,1.350000023841858
1695000,1.350000023841858
1696000,1.350000023841858
1697000,1.350000023841858
1698000,1.350000023841858
1699000,1.350000023841858
1700000,1.25
1701000,1.149999976158142
1702000,1.149999976158142
1703000,1.149999976158142
1704000,1.100000023841858
1705000,1.100000023841858
1706000,1.149999976158142
1707000,1.100000023841858
1708000,0.8500000238418579
1709000,0.8500000238418579
1710000,0.699999988079071
1711000,0.699999988079071
1712000,0.5
1713000,0.6000000238418579
1714000,0.6000000238418579
1715000,0.6000000238418579
1716000,0.550000011920929
1717000,0.6000000238418579
1718000,0.6000000238418579
1719000,0.6000000238418579
1720000,0.6000000238418579
1721000,0.6000000238418579
1722000,0.6000000238418579
1723000,0.6000000238418579
1724000,0.6499999761581421
1725000,0.6499999761581421
1726000,0.6499999761581421
1727000,0.6499999761581421
1728000,0.6499999761581421
1729000,0.949999988079071
1730000,1.0499999523162842
1731000,1.350000023841858
1732000,1.350000023841858
1733000,1.350000023841858
1734000,1.5
1735000,1.5
1736000,1.399999976158142
1737000,1.4500000476837158
1738000,1.5499999523162842
1739000,1.600000023841858
1740000,1.899999976158142
1741000,1.850000023841858
1742000,1.850000023841858
1743000,1.7999999523162842
1744000,1.7999999523162842
1745000,1.850000023841858
1746000,1.850000023841858
1747000,1.899999976158142
1748000,1.899999976158142
1749000,1.850000023841858
1750000,1.850000023841858
1751000,1.899999976158142
1752000,2.049999952316284
1753000,2.049999952316284
1754000,1.850000023841858
1755000,1.850000023841858
1756000,1.5
1757000,1.5
1758000,1.350000023841858
1759000,1.350000023841858
1760000,1.25
1761000,1.25
1762000,1.2000000476837158
1763000,1.0499999523162842
1764000,0.75
1765000,0.75
1766000,0.800000011920929
1767000,0.699999988079071
1768000,0.699999988079071
1769000,0.75
1770000,0.800000011920929
1771000,0.75
1772000,1.0
1773000,1.2000000476837158
1774000,1.2000000476837158
1775000,1.149999976158142
1776000,0.800000011920929
1777000,0.800000011920929
1778000,0.8999999761581421
1779000,1.0499999523162842
1780000,1.0499999523162842
1781000,1.100000023841858
1782000,1.100000023841858
1783000,1.149999976158142
1784000,1.149999976158142
1785000,1.899999976158142
1786000,1.850000023841858
1787000,2.299999952316284
1788000,2.299999952316284
1789000,2.200000047683716
1790000,2.299999952316284
1791000,2.5
1792000,2.299999952316284
1793000,2.3499999046325684
1794000,2.3499999046325684
1795000,2.4000000953674316
1796000,2.5
1797000,2.5999999046325684
1798000,2.5999999046325684
1799000,2.700000047683716
1800000,2.700000047683716
1801000,2.700000047683716
1802000,2.6500000953674316
1803000,2.5999999046325684
1804000,1.7999999523162842
1805000,1.7999999523162842
1806000,1.5
1807000,1.5
1808000,1.600000023841858
1809000,1.600000023841858
1810000,1.649999976158142
1811000,1.600000023841858
1812000,1.399999976158142
1813000,1.399999976158142
1814000,1.899999976158142
1815000,1.899999976158142
1816000,1.899999976158142
1817000,1.850000023841858
1818000,1.600000023841858
1819000,1.600000023841858
1820000,1.7000000476837158
1821000,1.7000000476837158
1822000,1.899999976158142
1823000,1.899999976158142
1824000,2.0
1825000,1.7999999523162842
1826000,1.75
1827000,1.9500000476837158
1828000,2.200000047683716
1829000,1.9500000476837158
1830000,1.9500000476837158
1831000,1.9500000476837158
1832000,1.9500000476837158
1833000,1.399999976158142
1834000,1.5499999523162842
1835000,1.5499999523162842
1836000,1.5499999523162842
1837000,1.5499999523162842
1838000,1.600000023841858
1839000,1.850000023841858
1840000,1.899999976158142
1841000,1.7000000476837158
1842000,1.75
1843000,1.649999976158142
1844000,1.649999976158142
1845000,1.600000023841858
1846000,1.4500000476837158
1847000,1.149999976158142
1848000,1.149999976158142
1849000,1.399999976158142
1850000,1.350000023841858
1851000,1.399999976158142
1852000,1.399999976158142
1853000,1.100000023841858
1854000,1.0499999523162842
1855000,1.0499999523162842
1856000,1.0
1857000,0.800000011920929
1858000,0.699999988079071
1859000,0.800000011920929
1860000,0.800000011920929
1861000,0.75
1862000,0.8500000238418579
1863000,0.8500000238418579
1864000,0.8500000238418579
1865000,0.8500000238418579
1866000,0.6000000238418579
1867000,0.6000000238418579
1868000,0.550000011920929
1869000,0.550000011920929
1870000,0.5
1871000,0.5
1872000,0.5
1873000,0.5
1874000,0.4000000059604645
1875000,0.3499999940395355
1876000,0.4000000059604645
1877000,0.4000000059604645
1878000,0.75
1879000,0.75
1880000,0.800000011920929
1881000,0.800000011920929
1882000,1.149999976158142
1883000,1.7000000476837158
1884000,1.75
1885000,1.75
1886000,1.75
1887000,1.7999999523162842
1888000,1.7999999523162842
1889000,2.25
1890000,2.4000000953674316
1891000,2.5
1892000,2.75
1893000,3.0
1894000,3.0999999046325684
1895000,2.9000000953674316
1896000,2.9000000953674316
1897000,2.8499999046325684
1898000,2.3499999046325684
1899000,2.049999952316284
1900000,1.7999999523162842
1901000,1.850000023841858
1902000,1.850000023841858
1903000,1.850000023841858
1904000,1.7999999523162842
1905000,1.899999976158142
1906000,1.4500000476837158
1907000,1.4500000476837158
1908000,1.2999999523162842
1909000,1.2000000476837158
1910000,0.949999988079071
1911000,0.800000011920929
1912000,0.550000011920929
1913000,0.44999998807907104
1914000,0.44999998807907104
1915000,0.5
1916000,0.6000000238418579
1917000,0.8500000238418579
1918000,1.100000023841858
1919000,1.2000000476837158
1920000,1.100000023841858
1921000,1.25
1922000,1.5499999523162842
1923000,1.4500000476837158
1924000,1.4500000476837158
1925000,1.5499999523162842
1926000,1.600000023841858
1927000,1.600000023841858
1928000,1.600000023841858
1929000,1.5
1930000,1.649999976158142
1931000,1.7000000476837158
1932000,1.7999999523162842
1933000,1.7000000476837158
1934000,1.600000023841858
1935000,1.399999976158142
1936000,1.25
1937000,1.149999976158142
1938000,1.2000000476837158
1939000,1.100000023841858
1940000,0.949999988079071
1941000,1.0
1942000,1.149999976158142
1943000,1.0499999523162842
1944000,1.0
1945000,1.0
1946000,1.0499999523162842
1947000,0.8999999761581421
1948000,0.800000011920929
1949000,0.800000011920929
1950000,0.75
1951000,0.699999988079071
1952000,0.699999988079071
1953000,0.6499999761581421
1954000,0.6000000238418579
1955000,0.75
1956000,0.8500000238418579
1957000,0.800000011920929
1958000,0.699999988079071
1959000,0.75
1960000,0.699999988079071
1961000,0.699999988079071
1962000,0.699999988079071
1963000,0.699999988079071
1964000,0.800000011920929
1965000,0.8999999761581421
1966000,0.949999988079071
1967000,1.0
1968000,0.949999988079071
1969000,1.0499999523162842
1970000,1.25
1971000,1.25
1972000,1.2000000476837158
1973000,1.100000023841858
1974000,1.100000023841858
1975000,1.2999999523162842
1976000,1.2999999523162842
1977000,1.2000000476837158
1978000,1.2000000476837158
1979000,1.4500000476837158
1980000,1.4500000476837158
1981000,1.5
1982000,1.4500000476837158
1983000,1.5
1984000,1.7000000476837158
1985000,1.75
1986000,1.850000023841858
1987000,1.850000023841858
1988000,2.25
1989000,2.25
1990000,2.299999952316284
1991000,2.1500000953674316
1992000,2.0999999046325684
1993000,2.200000047683716
1994000,2.5
1995000,2.5
1996000,2.299999952316284
1997000,2.299999952316284
1998000,2.299999952316284
1999000,2.0999999046325684
2000000,2.0
2001000,2.049999952316284
2002000,2.0
2003000,1.899999976158142
2004000,1.850000023841858
2005000,1.5499999523162842
2006000,1.350000023841858
2007000,1.4500000476837158
2008000,1.7000000476837158
2009000,1.649999976158142
2010000,1.5499999523162842
2011000,1.2999999523162842
2012000,1.2000000476837158
2013000,1.350000023841858
2014000,1.2999999523162842
2015000,1.2999999523162842
2016000,1.5499999523162842
2017000,1.5499999523162842
2018000,1.649999976158142
2019000,1.600000023841858
2020000,1.5499999523162842
2021000,1.7000000476837158
2022000,1.7000000476837158
2023000,1.7999999523162842
2024000,1.7000000476837158
2025000,1.7000000476837158
2026000,1.5
2027000,1.25
2028000,1.149999976158142
2029000,1.100000023841858
2030000,1.100000023841858
2031000,0.949999988079071
2032000,1.0499999523162842
2033000,1.149999976158142
2034000,1.0499999523162842
2035000,0.8999999761581421
2036000,0.75
2037000,0.75
2038000,0.6000000238418579
2039000,0.44999998807907104
2040000,0.44999998807907104
2041000,0.550000011920929
2042000,0.6000000238418579
2043000,0.6000000238418579
2044000,0.699999988079071
2045000,0.800000011920929
2046000,0.75
2047000,0.800000011920929
2048000,0.8999999761581421
2049000,0.8500000238418579
2050000,0.8999999761581421
2051000,0.699999988079071
2052000,0.8500000238418579
2053000,1.0499999523162842
2054000,1.149999976158142
2055000,1.2000000476837158
2056000,1.4500000476837158
2057000,1.5
2058000,1.399999976158142
2059000,1.4500000476837158
2060000,1.7000000476837158
2061000,1.9500000476837158
2062000,1.850000023841858
2063000,1.7999999523162842
2064000,1.7999999523162842
2065000,1.75
2066000,1.7000000476837158
2067000,1.7000000476837158
2068000,1.7000000476837158
2069000,1.7000000476837158
2070000,1.5499999523162842
2071000,1.350000023841858
2072000,1.25
2073000,1.0499999523162842
2074000,1.0499999523162842
