,events.out.tfevents.1556378386.drltf.events.model
1000,-0.36181607842445374
2000,-0.39493757486343384
3000,-0.4310902953147888
4000,-0.4272380769252777
5000,-0.44209280610084534
6000,-0.4126041531562805
7000,-0.4176388084888458
8000,-0.42032280564308167
9000,-0.434691846370697
10000,-0.4117194712162018
11000,-0.40699243545532227
12000,-0.3960738182067871
13000,-0.39855730533599854
14000,-0.4049126207828522
15000,-0.38043221831321716
16000,-0.38965797424316406
17000,-0.39124593138694763
18000,-0.39573562145233154
19000,-0.3890141546726227
20000,-0.3753279745578766
21000,-0.3746762275695801
22000,-0.3575325012207031
23000,-0.3418790400028229
24000,-0.33828869462013245
25000,-0.32492512464523315
26000,-0.31846147775650024
27000,-0.30672675371170044
28000,-0.3113192915916443
29000,-0.3140465319156647
30000,-0.31672579050064087
31000,-0.32183197140693665
32000,-0.3179396986961365
33000,-0.3139168620109558
34000,-0.2975078225135803
35000,-0.29776567220687866
36000,-0.30002260208129883
37000,-0.29971179366111755
38000,-0.2923307716846466
39000,-0.2842639088630676
40000,-0.27397412061691284
41000,-0.2687433063983917
42000,-0.2680455446243286
43000,-0.26551365852355957
44000,-0.2599872350692749
45000,-0.25789397954940796
46000,-0.249707892537117
47000,-0.2467377483844757
48000,-0.23872148990631104
49000,-0.2359979897737503
50000,-0.21778292953968048
51000,-0.2071651965379715
52000,-0.1939936727285385
53000,-0.1798344850540161
54000,-0.15416628122329712
55000,-0.14754384756088257
56000,-0.13695219159126282
57000,-0.1274329125881195
58000,-0.1271299421787262
59000,-0.10995910316705704
60000,-0.11414436250925064
61000,-0.11295541375875473
62000,-0.10031703859567642
63000,-0.10569615662097931
64000,-0.1060507521033287
65000,-0.09056933224201202
66000,-0.08834730088710785
67000,-0.10150612890720367
68000,-0.07793137431144714
69000,-0.0684305876493454
70000,-0.0587264783680439
71000,-0.0765075832605362
72000,-0.07354019582271576
73000,-0.06450597941875458
74000,-0.06254638731479645
75000,-0.04210476204752922
76000,-0.03296888247132301
77000,-0.04869629815220833
78000,-0.07169346511363983
79000,-0.0434330478310585
80000,-0.050217002630233765
81000,-0.046200450509786606
82000,-0.03484991937875748
83000,-0.07429499924182892
84000,-0.07552462816238403
85000,-0.09418826550245285
86000,-0.08555181324481964
87000,-0.10541055351495743
88000,-0.1028740406036377
89000,-0.10136214643716812
90000,-0.10377611219882965
91000,-0.10470487922430038
92000,-0.10506373643875122
93000,-0.0929679125547409
94000,-0.08249803632497787
95000,-0.07943568378686905
96000,-0.05883277580142021
97000,-0.05229263752698898
98000,-0.05955476686358452
99000,-0.05854650214314461
100000,-0.04350416734814644
101000,-0.04350752755999565
102000,-0.03590903803706169
103000,-0.0460650697350502
104000,-0.04391777515411377
105000,-0.03231492266058922
106000,-0.03964380547404289
107000,-0.023745350539684296
108000,-0.021347898989915848
109000,-0.011705617420375347
110000,-0.0046303365379571915
111000,0.0064655146561563015
112000,0.011075997725129128
113000,0.014601079747080803
114000,0.019540589302778244
115000,0.026287412270903587
116000,0.04052555561065674
117000,0.046741634607315063
118000,0.048043143004179
119000,0.055619142949581146
120000,0.07451336085796356
121000,0.0827873945236206
122000,0.10007194429636002
123000,0.09583829343318939
124000,0.08822862058877945
125000,0.07856793701648712
126000,0.0678301602602005
127000,0.06885232776403427
128000,0.06508003920316696
129000,0.046469129621982574
130000,0.042215511202812195
131000,0.04500522464513779
132000,0.03263326361775398
133000,0.033752430230379105
134000,0.03797110915184021
135000,0.05213514715433121
136000,0.025741538032889366
137000,0.04114387184381485
138000,0.03605334088206291
139000,0.03289530426263809
140000,0.025712495669722557
141000,0.015799930319190025
142000,0.017595302313566208
143000,0.0008124696905724704
144000,-0.011929931119084358
145000,-0.014607591554522514
146000,-0.01762564852833748
147000,-0.03877050057053566
148000,-0.0543522909283638
149000,-0.06281272321939468
150000,-0.05927532911300659
151000,-0.06587083637714386
152000,-0.06600441038608551
153000,-0.0596991591155529
154000,-0.06149965524673462
155000,-0.06647191196680069
156000,-0.05992000550031662
157000,-0.04927099868655205
158000,-0.03872322663664818
159000,-0.03684346005320549
160000,-0.043070077896118164
161000,-0.04236413910984993
162000,-0.03303296118974686
163000,-0.03876477852463722
164000,-0.040946319699287415
165000,-0.03691450506448746
166000,-0.041217051446437836
167000,-0.03824486956000328
168000,-0.024600498378276825
169000,-0.0271625779569149
170000,-0.016951482743024826
171000,-0.0061639705672860146
172000,-0.006017862819135189
173000,0.011207981035113335
174000,0.015761723741889
175000,0.01974467746913433
176000,0.01956782117486
177000,0.02879822626709938
178000,0.03415326029062271
179000,0.01945052109658718
180000,0.008617963641881943
181000,0.013513398356735706
182000,0.01674913801252842
183000,0.005802744068205357
184000,0.004483528435230255
185000,-0.0038789701648056507
186000,-0.00470216479152441
187000,-0.008172310888767242
188000,-0.01259726844727993
189000,-0.017834534868597984
190000,-0.024272438138723373
191000,-0.020640218630433083
192000,-0.02037084475159645
193000,-0.03355906531214714
194000,-0.03721029311418533
195000,-0.03784288465976715
196000,-0.04216805845499039
197000,-0.042844969779253006
198000,-0.04482808709144592
199000,-0.038952551782131195
200000,-0.03705798089504242
201000,-0.029385503381490707
202000,-0.025945037603378296
203000,-0.022372059524059296
204000,-0.008095520548522472
205000,0.006216632202267647
206000,0.015958238393068314
207000,0.02645229920744896
208000,0.036515746265649796
209000,0.03853259235620499
210000,0.03379591181874275
211000,0.025174802169203758
212000,0.021492112427949905
213000,0.01907781884074211
214000,0.008611718192696571
215000,0.01178845576941967
216000,0.008137719705700874
217000,0.003554810304194689
218000,-0.0032861842773854733
219000,-0.013011994771659374
220000,-0.021846994757652283
221000,-0.009259763173758984
222000,-0.003760555060580373
223000,-0.0025585382245481014
224000,0.0054540252313017845
225000,0.016958028078079224
226000,0.019282352179288864
227000,0.027248430997133255
228000,0.033110640943050385
229000,0.032800447195768356
230000,0.016777869313955307
231000,0.024057017639279366
232000,0.03414927050471306
233000,0.026227042078971863
234000,0.02224329486489296
235000,0.026464641094207764
236000,0.029075998812913895
237000,0.033772774040699005
238000,0.03119038976728916
239000,0.01480585616081953
240000,0.012888242490589619
241000,0.00925610214471817
242000,0.014497535303235054
243000,0.017831850796937943
244000,0.01731479912996292
245000,0.014725888147950172
246000,0.018898090347647667
247000,0.0065893568098545074
248000,-0.002359184669330716
249000,0.0013856468722224236
250000,-0.028115231543779373
251000,-0.03267744928598404
252000,-0.036929138004779816
253000,-0.026016751304268837
254000,-0.03019769862294197
255000,-0.01787682995200157
256000,-0.01754036173224449
257000,0.0036006353329867125
258000,0.004671997390687466
259000,-0.0005452677723951638
260000,0.0073930942453444
261000,0.015028083696961403
262000,0.02961372211575508
263000,0.028776297345757484
264000,0.03518196567893028
265000,0.04881953075528145
266000,0.04728568345308304
267000,0.05895647406578064
268000,0.05675400048494339
269000,0.05010107904672623
270000,0.04663064330816269
271000,0.037840597331523895
272000,0.035726066678762436
273000,0.04268592223525047
274000,0.03309127688407898
275000,0.01928936317563057
276000,0.0028499350883066654
277000,0.01326143741607666
278000,0.012983942404389381
279000,-0.0009675174951553345
280000,-0.0003766760346479714
281000,-0.001975174294784665
282000,0.004438051488250494
283000,0.0033941692672669888
284000,0.008398979902267456
285000,0.008172807283699512
286000,0.002633512718603015
287000,0.013926890678703785
288000,0.02487752214074135
289000,0.04267498105764389
290000,0.051467396318912506
291000,0.054004065692424774
292000,0.06167967990040779
293000,0.07154425233602524
294000,0.07368253171443939
295000,0.06702636182308197
296000,0.05509958416223526
297000,0.04692121967673302
298000,0.04666759818792343
299000,0.03477153927087784
300000,0.03448568284511566
301000,0.03371730074286461
302000,0.01688951998949051
303000,0.013877421617507935
304000,0.0076102265156805515
305000,0.0008569395286031067
306000,0.0024571805261075497
307000,-0.0022832825779914856
308000,-0.009988175705075264
309000,-0.00907262321561575
310000,0.0013478342443704605
311000,0.0011304349172860384
312000,0.009552771225571632
313000,0.0006148189422674477
314000,-0.00070743024116382
315000,-0.008593357168138027
316000,-0.0038461661897599697
317000,-0.00924668274819851
318000,-0.002252447186037898
319000,-0.01107035018503666
320000,-0.014555145986378193
321000,-0.014701475389301777
322000,-0.008261819370090961
323000,-0.001628622761927545
324000,-0.0068086362443864346
325000,-0.00036037559038959444
326000,-0.0017006838461384177
327000,0.0013712890213355422
328000,0.0069154598750174046
329000,0.0003369353653397411
330000,0.003037848975509405
331000,0.0026460764929652214
332000,0.017537230625748634
333000,0.02573002502322197
334000,0.04992828890681267
335000,0.04676232114434242
336000,0.03779101371765137
337000,0.036049626767635345
338000,0.042058639228343964
339000,0.045845188200473785
340000,0.04926012083888054
341000,0.05144462734460831
342000,0.039961785078048706
343000,0.04903858155012131
344000,0.0460241436958313
345000,0.04212913662195206
346000,0.034113045781850815
347000,0.01851438544690609
348000,-0.005558510310947895
349000,-0.0048060668632388115
350000,-0.0006118007004261017
351000,-0.01280621625483036
352000,-0.017974721267819405
353000,-0.020346343517303467
354000,-0.011339440941810608
355000,-0.007771951146423817
356000,-0.009522294625639915
357000,0.0010949730640277267
358000,0.01191318966448307
359000,0.017912760376930237
360000,0.01970507949590683
361000,0.02580191195011139
362000,0.046699777245521545
363000,0.052908800542354584
364000,0.05237899348139763
365000,0.06247640401124954
366000,0.05155595391988754
367000,0.04352644830942154
368000,0.03509023040533066
369000,0.019946809858083725
370000,0.02552199736237526
371000,0.03164747729897499
372000,0.01887354999780655
373000,0.017116842791438103
374000,0.01819632761180401
375000,0.017863910645246506
376000,0.017810150980949402
377000,0.016694676131010056
378000,0.01535449456423521
379000,0.012180892750620842
380000,0.017013002187013626
381000,0.020763222128152847
382000,0.028197139501571655
383000,0.026028966531157494
384000,0.030449211597442627
385000,0.03366949036717415
386000,0.03337375074625015
387000,0.02435586042702198
388000,0.009395486675202847
389000,0.005032057408243418
390000,0.0037157689221203327
391000,-0.00017406512051820755
392000,-0.002754095010459423
393000,-0.002421147422865033
394000,0.0020652322564274073
395000,0.014476457610726357
396000,0.008428871631622314
397000,0.0013200065586715937
398000,0.003024802077561617
399000,-0.00256803585216403
400000,-0.011405281722545624
401000,-0.005562121979892254
402000,-0.006578614003956318
403000,-0.001981798093765974
404000,0.0023224097676575184
405000,0.0007383503252640367
406000,0.0015195232117548585
407000,0.0022574998438358307
408000,2.0862371457042173e-05
409000,0.008396926335990429
410000,0.014880363829433918
411000,0.031189043074846268
412000,0.032911524176597595
413000,0.029413020238280296
414000,0.025179047137498856
415000,0.024000797420740128
416000,0.026171591132879257
417000,0.03956543654203415
418000,0.03244403377175331
419000,0.03301073983311653
420000,0.040159665048122406
421000,0.0343603678047657
422000,0.0343603678047657
423000,0.04133652150630951
424000,0.03705081716179848
425000,0.026012787595391273
426000,0.027579551562666893
427000,0.013922140002250671
428000,0.014068561606109142
429000,0.014752286486327648
430000,0.016757782548666
431000,0.02147657796740532
432000,0.02235277369618416
433000,0.025600576773285866
434000,0.025046104565262794
435000,0.031025052070617676
436000,0.027680616825819016
437000,0.0238709207624197
438000,0.02603231929242611
439000,0.028400909155607224
440000,0.027605921030044556
441000,0.038479335606098175
442000,0.03177841752767563
443000,0.033422086387872696
444000,0.036243729293346405
445000,0.03280962258577347
446000,0.04360467568039894
447000,0.04306326061487198
448000,0.048740215599536896
449000,0.044713180512189865
450000,0.03905713930726051
451000,0.039523836225271225
452000,0.044081911444664
453000,0.04696589708328247
454000,0.04858575761318207
455000,0.04872038960456848
456000,0.04374759644269943
457000,0.0376872643828392
458000,0.03414469212293625
459000,0.03275955468416214
460000,0.031026218086481094
461000,0.03735418990254402
462000,0.03850522264838219
463000,0.03509993478655815
464000,0.028168071061372757
465000,0.02778482995927334
466000,0.031942080706357956
467000,0.030856560915708542
468000,0.029910996556282043
469000,0.03022356703877449
470000,0.028963202610611916
471000,0.02591169998049736
472000,0.025364529341459274
473000,0.017233900725841522
474000,0.01779019460082054
475000,0.025790149345993996
476000,0.023683827370405197
477000,0.016302773728966713
478000,0.023276437073946
479000,0.03020511567592621
480000,0.02780480682849884
481000,0.024517910555005074
482000,0.029540320858359337
483000,0.0338437594473362
484000,0.021679574623703957
485000,0.0158127099275589
486000,0.012419269420206547
487000,0.013847874477505684
488000,0.01261805184185505
489000,0.02356044389307499
490000,0.033003054559230804
491000,0.03074500523507595
492000,0.022888576611876488
493000,0.020216090604662895
494000,0.01832331344485283
495000,0.007697932422161102
496000,0.009317920543253422
497000,0.018066952005028725
498000,0.014434555545449257
499000,0.009691847488284111
500000,0.014736548066139221
501000,0.024863850325345993
502000,0.026193056255578995
503000,0.0332290343940258
504000,0.04016553610563278
505000,0.03700979799032211
506000,0.03030918538570404
507000,0.028497913852334023
508000,0.040703754872083664
509000,0.036063164472579956
510000,0.03135991096496582
511000,0.03491031005978584
512000,0.024289092049002647
513000,0.018017753958702087
514000,0.02051684632897377
515000,0.030840907245874405
516000,0.03552820533514023
517000,0.02703303098678589
518000,0.02925330400466919
519000,0.025376897305250168
520000,0.024072762578725815
521000,0.023610727861523628
522000,0.02422408200800419
523000,0.024174965918064117
524000,0.024403775110840797
525000,0.019284352660179138
526000,0.022728225216269493
527000,0.033107511699199677
528000,0.03421596437692642
529000,0.039540935307741165
530000,0.04555866867303848
531000,0.04562867060303688
532000,0.050796009600162506
533000,0.042039863765239716
534000,0.036015789955854416
535000,0.037491362541913986
536000,0.032753847539424896
537000,0.0295771062374115
538000,0.02940266765654087
539000,0.027988826856017113
540000,0.02603810466825962
541000,0.02250583842396736
542000,0.024746637791395187
543000,0.02553381584584713
544000,0.021096568554639816
545000,0.02826579473912716
546000,0.028651336207985878
547000,0.025582853704690933
548000,0.02648552693426609
549000,0.026791119948029518
550000,0.03044925630092621
551000,0.030304551124572754
552000,0.03493373841047287
553000,0.036017559468746185
554000,0.029825735837221146
555000,0.02501782774925232
556000,0.027296695858240128
557000,0.02594630792737007
558000,0.03146227449178696
559000,0.03078661486506462
560000,0.03236451372504234
561000,0.026097649708390236
562000,0.028692524880170822
563000,0.027713114395737648
564000,0.01787847839295864
565000,0.012635743245482445
566000,0.01515625137835741
567000,0.011668561026453972
568000,0.010526339523494244
569000,0.009394200518727303
570000,0.014136065728962421
571000,0.014799175783991814
572000,0.020036138594150543
573000,0.021480508148670197
574000,0.023746170103549957
575000,0.0256851464509964
576000,0.022042037919163704
577000,0.023562796413898468
578000,0.015696566551923752
579000,0.012145714834332466
580000,0.00795770063996315
581000,0.010431692004203796
582000,0.00916747935116291
583000,0.012425234541296959
584000,0.02469795010983944
585000,0.023273393511772156
586000,0.016386600211262703
587000,0.017562519758939743
588000,0.021541446447372437
589000,0.019222870469093323
590000,0.019550500437617302
591000,0.020167356356978416
592000,0.012206228449940681
593000,0.01180027425289154
594000,0.006250257603824139
595000,0.008866112679243088
596000,0.016754496842622757
597000,0.017166782170534134
598000,0.022631395608186722
599000,0.020298918709158897
600000,0.028364980593323708
601000,0.028846150264143944
602000,0.026421358808875084
603000,0.015294266864657402
604000,0.018064936622977257
605000,0.03540768101811409
606000,0.03317544236779213
607000,0.02618889883160591
608000,0.024550465866923332
609000,0.021472865715622902
610000,0.018572552129626274
611000,0.018221918493509293
612000,0.018221918493509293
613000,0.023038821294903755
614000,0.01770450733602047
615000,0.022804083302617073
616000,0.022804083302617073
617000,0.023312171921133995
618000,0.02317855879664421
619000,0.021077768877148628
620000,0.02235434390604496
621000,0.017627254128456116
622000,0.020158225670456886
623000,0.018274616450071335
624000,0.02283361926674843
625000,0.02481026016175747
626000,0.01522296667098999
627000,0.02395930141210556
628000,0.024691198021173477
629000,0.028446057811379433
630000,0.03386399894952774
631000,0.03574342653155327
632000,0.03574342653155327
633000,0.04281697794795036
634000,0.04755080118775368
635000,0.04902208596467972
636000,0.04397159814834595
637000,0.044597141444683075
638000,0.0384364128112793
639000,0.03654856234788895
640000,0.03626134991645813
641000,0.03626134991645813
642000,0.03436858206987381
643000,0.0397152341902256
644000,0.037581272423267365
645000,0.03490025922656059
646000,0.03498506918549538
647000,0.03819737583398819
648000,0.03776375949382782
649000,0.03244367986917496
650000,0.03759375959634781
651000,0.03350527957081795
652000,0.028645869344472885
653000,0.027055535465478897
654000,0.024576766416430473
655000,0.02082701399922371
656000,0.02241978421807289
657000,0.029964733868837357
658000,0.02901550754904747
659000,0.03448072820901871
660000,0.02602973021566868
661000,0.025108223780989647
662000,0.019088532775640488
663000,0.019088532775640488
664000,0.016838956624269485
665000,0.01944192312657833
666000,0.012237496674060822
667000,0.01614617183804512
668000,0.012230029329657555
669000,0.012893500737845898
670000,0.005309480708092451
671000,0.011312643066048622
672000,0.011312643066048622
673000,0.014042139053344727
674000,0.005908328108489513
675000,0.0035427543334662914
676000,0.012190224602818489
677000,0.012190224602818489
678000,0.00866270624101162
679000,0.013416456058621407
680000,0.018085598945617676
681000,0.028684377670288086
682000,0.035723160952329636
683000,0.03489597514271736
684000,0.03137635439634323
685000,0.032293353229761124
686000,0.02621583640575409
687000,0.028344515711069107
688000,0.029706265777349472
689000,0.037213291972875595
690000,0.04009922593832016
691000,0.03623856604099274
692000,0.03684595227241516
693000,0.03684595227241516
694000,0.04564419761300087
695000,0.04564419761300087
696000,0.03986654058098793
697000,0.04096726328134537
698000,0.035907015204429626
699000,0.03015420213341713
700000,0.029316892847418785
701000,0.029836341738700867
702000,0.02764461375772953
703000,0.02764461375772953
704000,0.02993071638047695
705000,0.030696231871843338
706000,0.03274834528565407
707000,0.037666045129299164
708000,0.03430412709712982
709000,0.03342733159661293
710000,0.03214934468269348
711000,0.03759155049920082
712000,0.04042555391788483
713000,0.04042555391788483
714000,0.03334357589483261
715000,0.029360061511397362
716000,0.02540888823568821
717000,0.02351793274283409
718000,0.022853191941976547
719000,0.022853191941976547
720000,0.013658339157700539
721000,0.018483784049749374
722000,0.018483784049749374
723000,0.018416425213217735
724000,0.012471787631511688
725000,0.01328486017882824
726000,0.016694236546754837
727000,0.012062443420290947
728000,0.012058568187057972
729000,0.006122209597378969
730000,0.008498885668814182
731000,0.00387786328792572
732000,0.0019860914908349514
733000,0.0038846072275191545
734000,0.0062851025722920895
735000,0.015698542818427086
736000,0.020957957953214645
737000,0.025927994400262833
738000,0.032548800110816956
739000,0.028594788163900375
740000,0.028913766145706177
741000,0.02840544655919075
742000,0.030815819278359413
743000,0.026743018999695778
744000,0.024632621556520462
745000,0.02364058792591095
746000,0.027797386050224304
747000,0.023898720741271973
748000,0.02628861740231514
749000,0.02708522416651249
750000,0.025828387588262558
751000,0.027748873457312584
752000,0.029446139931678772
753000,0.023837540298700333
754000,0.020033035427331924
755000,0.014040157198905945
756000,0.013784641399979591
757000,0.014107850380241871
758000,0.009269749745726585
759000,0.014352892525494099
760000,0.019760239869356155
761000,0.02142281085252762
762000,0.02028350904583931
763000,0.024394890293478966
764000,0.025860190391540527
765000,0.026753133162856102
766000,0.02384108677506447
767000,0.01971755549311638
768000,0.02004023641347885
769000,0.018016468733549118
770000,0.016287729144096375
771000,0.017040103673934937
772000,0.017090989276766777
773000,0.019774973392486572
774000,0.022130873054265976
775000,0.019948700442910194
776000,0.020746706053614616
777000,0.029766883701086044
778000,0.029766883701086044
779000,0.034521766006946564
780000,0.03735984489321709
781000,0.034040238708257675
782000,0.03614025190472603
783000,0.03602957725524902
784000,0.03602957725524902
785000,0.03383221477270126
786000,0.03383221477270126
787000,0.036679238080978394
788000,0.03525944799184799
789000,0.03866231441497803
790000,0.04010332003235817
791000,0.03791096806526184
792000,0.035071227699518204
793000,0.032534606754779816
794000,0.03310243785381317
795000,0.02819175086915493
796000,0.023969119414687157
797000,0.025230612605810165
798000,0.022818636149168015
799000,0.0065797120332717896
800000,0.00543681625276804
801000,0.004403261933475733
802000,6.335321813821793e-06
803000,-0.001804880565032363
804000,-0.004165722522884607
805000,-0.004567322321236134
806000,-0.0075070844031870365
807000,-0.006001449190080166
808000,0.0023553182836622
809000,0.0023553182836622
810000,0.006863757036626339
811000,0.001352459890767932
812000,0.005919359624385834
813000,0.014090506359934807
814000,0.01608089730143547
815000,0.019650336354970932
816000,0.020094651728868484
817000,0.019185859709978104
818000,0.023476744070649147
819000,0.02033061906695366
820000,0.021302608773112297
821000,0.02204393595457077
822000,0.022407757118344307
823000,0.025630062445998192
824000,0.0281420536339283
825000,0.03204256296157837
826000,0.030843153595924377
827000,0.024983976036310196
828000,0.02878941223025322
829000,0.02986317314207554
830000,0.03838584944605827
831000,0.03575930371880531
832000,0.03575930371880531
833000,0.03192778676748276
834000,0.031605999916791916
835000,0.029652725905179977
836000,0.029526716098189354
837000,0.029526716098189354
838000,0.03055994212627411
839000,0.028471965342760086
840000,0.028471965342760086
841000,0.026073113083839417
842000,0.0216229148209095
843000,0.019853780046105385
844000,0.019853780046105385
845000,0.016506535932421684
846000,0.01834610477089882
847000,0.023174237459897995
848000,0.023174237459897995
849000,0.01945054531097412
850000,0.020024754106998444
851000,0.018667221069335938
852000,0.01779906079173088
853000,0.019131995737552643
854000,0.023203395307064056
855000,0.022853786125779152
856000,0.023864051327109337
857000,0.02604798413813114
858000,0.0280647911131382
859000,0.024956081062555313
860000,0.027144987136125565
861000,0.026773637160658836
862000,0.026545066386461258
863000,0.027662336826324463
864000,0.02894454635679722
865000,0.03223780170083046
866000,0.027699192985892296
867000,0.026226576417684555
868000,0.02770068123936653
869000,0.02835465595126152
870000,0.03562883287668228
871000,0.03544124215841293
872000,0.032673440873622894
873000,0.03234574943780899
874000,0.02878488041460514
875000,0.02768472209572792
876000,0.024072501808404922
877000,0.02517549693584442
878000,0.02689502015709877
879000,0.03262180835008621
880000,0.03262180835008621
881000,0.029344793409109116
882000,0.03071204200387001
883000,0.0340283140540123
884000,0.03464863449335098
885000,0.02605149708688259
886000,0.024112071841955185
887000,0.023252414539456367
888000,0.019312122836709023
889000,0.013578219339251518
890000,0.013578219339251518
891000,0.014429517090320587
892000,0.006831678096204996
893000,0.013023540377616882
894000,0.013023540377616882
895000,0.01866304501891136
896000,0.019450020045042038
897000,0.01600789465010166
898000,0.01600789465010166
899000,0.016297098249197006
900000,0.02040478214621544
901000,0.020808501169085503
902000,0.020808501169085503
903000,0.017714330926537514
904000,0.01392433326691389
905000,0.018234021961688995
906000,0.017696479335427284
907000,0.01620180904865265
908000,0.01620180904865265
909000,0.016586923971772194
910000,0.02199632301926613
911000,0.02199632301926613
912000,0.022053798660635948
913000,0.02755131945014
914000,0.03198973089456558
915000,0.027925368398427963
916000,0.02318469062447548
917000,0.018512312322854996
918000,0.007214866578578949
919000,0.007214866578578949
920000,0.001399490050971508
921000,-0.005225909408181906
922000,0.00035450010909698904
923000,0.0016974129248410463
924000,0.004006017930805683
925000,-0.0027928240597248077
926000,-0.003875636961311102
927000,-0.003875636961311102
928000,-0.0006329577299766243
929000,0.0014828313142061234
930000,0.0036920499987900257
931000,0.0030617201700806618
932000,0.0030617201700806618
933000,-0.0001399506872985512
934000,-0.0001399506872985512
935000,0.0006401004502549767
936000,0.0009334694477729499
937000,-0.00033348536817356944
938000,0.001898292452096939
939000,0.008040561340749264
940000,0.01003823522478342
941000,0.013341042213141918
942000,0.013341042213141918
943000,0.01732056215405464
944000,0.01689983531832695
945000,0.01689983531832695
946000,0.01370065938681364
947000,0.013719242997467518
948000,0.006729996297508478
949000,0.01406780444085598
950000,0.015476730652153492
951000,0.011491045355796814
952000,0.010364284738898277
953000,0.0064978087320923805
954000,0.008568085730075836
955000,0.014241394586861134
956000,0.013673017732799053
957000,0.013673017732799053
958000,0.016966896131634712
959000,0.015309025533497334
960000,0.016612276434898376
961000,0.014586794190108776
962000,0.014887278899550438
963000,0.01559014618396759
964000,0.022242072969675064
965000,0.029303351417183876
966000,0.0341474786400795
967000,0.03386034071445465
968000,0.03283994644880295
969000,0.03465704619884491
970000,0.027751877903938293
971000,0.02631361410021782
972000,0.026999246329069138
973000,0.024711327627301216
974000,0.02147960290312767
975000,0.021155571565032005
976000,0.0135288555175066
977000,0.009969349019229412
978000,0.004790124483406544
979000,0.007263404782861471
980000,0.009366929531097412
981000,0.012350949458777905
982000,0.012350949458777905
983000,0.015019744634628296
984000,0.020851980894804
985000,0.01925082691013813
986000,0.013475584797561169
987000,0.01771082542836666
988000,0.018438663333654404
989000,0.02181958220899105
990000,0.02181958220899105
991000,0.01958557777106762
992000,0.02049350179731846
993000,0.020762022584676743
994000,0.02027747966349125
995000,0.015467802993953228
996000,0.021268051117658615
997000,0.021268051117658615
998000,0.021985601633787155
999000,0.026185085996985435
1000000,0.03065352514386177
1001000,0.03432421013712883
1002000,0.030389636754989624
1003000,0.030389636754989624
1004000,0.02705753967165947
1005000,0.026932716369628906
1006000,0.02520601823925972
1007000,0.01959381438791752
1008000,0.01959381438791752
1009000,0.01751474104821682
1010000,0.01933217979967594
1011000,0.01177742425352335
1012000,0.012575623579323292
1013000,0.012575623579323292
1014000,0.008256005123257637
1015000,0.004994067829102278
1016000,0.0097325025126338
1017000,0.010898428037762642
1018000,0.010511776432394981
1019000,0.014499668963253498
1020000,0.014499668963253498
1021000,0.014818685129284859
1022000,0.01345087867230177
1023000,0.01345087867230177
1024000,0.01337072066962719
1025000,0.015449240803718567
1026000,0.012871913611888885
1027000,0.012871913611888885
1028000,0.012871913611888885
1029000,0.0131723927333951
1030000,0.011432326398789883
1031000,0.010404687374830246
1032000,0.01161087304353714
1033000,0.01161087304353714
1034000,0.014514917507767677
1035000,0.011274440214037895
1036000,0.009581057354807854
1037000,0.009581057354807854
1038000,0.004987378604710102
1039000,0.00013574995682574809
1040000,0.00013574995682574809
1041000,-0.00029706620262004435
1042000,-0.00029706620262004435
1043000,3.632437437772751e-05
1044000,-0.0036998093128204346
1045000,-0.004924052394926548
1046000,-0.005679202266037464
1047000,-0.005679202266037464
1048000,-0.005487135145813227
1049000,-0.0018613714491948485
1050000,-0.0013346080668270588
1051000,-0.0013346080668270588
1052000,-0.003126663388684392
1053000,-0.00033673233701847494
1054000,0.002795333741232753
1055000,0.006526777055114508
1056000,0.012257697060704231
1057000,0.012257697060704231
1058000,0.004761700518429279
1059000,0.0020995805971324444
1060000,0.0020995805971324444
1061000,0.005570472218096256
1062000,0.005575072951614857
1063000,0.01471836306154728
1064000,0.01471836306154728
1065000,0.019577698782086372
1066000,0.022057006135582924
1067000,0.026787150651216507
1068000,0.026787150651216507
1069000,0.02510569430887699
1070000,0.027466172352433205
1071000,0.025421220809221268
1072000,0.025421220809221268
1073000,0.02007799968123436
1074000,0.02007799968123436
1075000,0.01337579358369112
1076000,0.012951647862792015
1077000,0.0128365159034729
1078000,0.00908690970391035
1079000,0.00908690970391035
1080000,0.008167090825736523
1081000,-0.0002791816368699074
1082000,-0.0038930033333599567
1083000,0.0019313993398100138
1084000,0.004164019133895636
1085000,-0.002488341648131609
1086000,-0.002488341648131609
1087000,-0.0023732800036668777
1088000,-0.006041604094207287
1089000,-0.0032760892063379288
1090000,-0.0022966708056628704
1091000,-0.00238476088270545
1092000,-0.00238476088270545
1093000,0.00014044884301256388
1094000,-0.0014230094384402037
1095000,0.0031373165547847748
1096000,0.007518748752772808
1097000,0.007518748752772808
1098000,0.013917696662247181
1099000,0.016674010083079338
1100000,0.015834268182516098
1101000,0.007367811165750027
1102000,0.008217723108828068
1103000,0.008705509826540947
1104000,0.009662408381700516
1105000,0.0022877033334225416
1106000,0.0022877033334225416
1107000,0.0025370772927999496
1108000,0.002202872419729829
1109000,0.002202872419729829
1110000,0.01109598483890295
1111000,0.016119761392474174
1112000,0.016119761392474174
1113000,0.015799855813384056
1114000,0.015336466953158379
1115000,0.009471496567130089
1116000,0.009471496567130089
1117000,0.014211779460310936
1118000,0.01446426473557949
1119000,0.014614882878959179
1120000,0.014614882878959179
1121000,0.012322288937866688
1122000,0.003980760462582111
1123000,0.003980760462582111
1124000,0.0005252958508208394
1125000,-0.002740325406193733
1126000,-0.002740325406193733
1127000,-0.003043609205633402
1128000,-0.0007572967442683876
1129000,0.006764131598174572
1130000,0.006764131598174572
1131000,0.008571559563279152
1132000,0.011126776225864887
1133000,0.011126776225864887
1134000,0.01902635022997856
1135000,0.020862940698862076
1136000,0.020862940698862076
1137000,0.01718190126121044
1138000,0.008880702778697014
1139000,0.0016168102156370878
1140000,0.0018628870602697134
1141000,-0.002099186647683382
1142000,0.0025540951173752546
1143000,0.0025540951173752546
1144000,0.004003627225756645
1145000,0.0012117166770622134
1146000,0.002672975417226553
1147000,0.008104508742690086
1148000,0.013502371497452259
1149000,0.013502371497452259
1150000,0.012687431648373604
1151000,0.010575322434306145
1152000,0.009925623424351215
1153000,0.011963551864027977
1154000,0.0033980582375079393
1155000,4.8821140808286145e-05
1156000,4.8821140808286145e-05
1157000,0.0017161022406071424
1158000,8.700731996214017e-05
1159000,8.700731996214017e-05
1160000,-0.0011410426814109087
1161000,-0.0016790631925687194
1162000,0.01198041532188654
1163000,0.015187449753284454
1164000,0.019911594688892365
1165000,0.030454467982053757
1166000,0.030455470085144043
1167000,0.024743521586060524
1168000,0.024743521586060524
1169000,0.024977341294288635
1170000,0.02315172180533409
1171000,0.02315172180533409
1172000,0.019052879884839058
1173000,0.013345015235245228
1174000,0.012656720355153084
1175000,0.015405642800033092
1176000,0.015405642800033092
1177000,0.012879669666290283
1178000,0.014473587274551392
1179000,0.016276877373456955
1180000,0.021344153210520744
1181000,0.020195849239826202
1182000,0.02058110013604164
1183000,0.02058110013604164
1184000,0.02393265627324581
1185000,0.02819918468594551
1186000,0.022202422842383385
1187000,0.022202422842383385
1188000,0.01931101456284523
1189000,0.014938384294509888
1190000,0.014938384294509888
1191000,0.008922779932618141
1192000,0.008922779932618141
1193000,0.005098595283925533
1194000,0.0109702805057168
1195000,0.010819779708981514
1196000,0.012142250314354897
1197000,0.009794613346457481
1198000,0.009794613346457481
1199000,0.013423502445220947
1200000,0.01969785802066326
1201000,0.024340800940990448
1202000,0.03012409433722496
1203000,0.03012409433722496
1204000,0.03400994464755058
1205000,0.03316797688603401
1206000,0.02676563337445259
1207000,0.027253588661551476
1208000,0.027253588661551476
1209000,0.02291986346244812
1210000,0.014889026992022991
1211000,-0.0008325200760737062
1212000,-0.0008325200760737062
1213000,-0.0003772907075472176
1214000,0.0015898710116744041
1215000,-0.004103472921997309
1216000,-0.0050043389201164246
1217000,-0.0050043389201164246
1218000,-0.005282624624669552
1219000,-0.005653343163430691
1220000,-0.005653343163430691
1221000,-0.0060525876469910145
1222000,-0.0033304982353001833
1223000,-0.007641874253749847
1224000,-0.012377645820379257
1225000,-0.010693363845348358
1226000,-0.009162967093288898
1227000,-0.008603190071880817
1228000,-0.010559046640992165
1229000,-0.013422985561192036
1230000,-0.013422985561192036
1231000,-0.009263059124350548
1232000,-0.0018975433195009828
1233000,0.00917317159473896
1234000,0.00917317159473896
1235000,0.014349257573485374
1236000,0.01917729154229164
1237000,0.017126861959695816
1238000,0.01820831373333931
1239000,0.01883540488779545
1240000,0.014706768095493317
1241000,0.014706768095493317
1242000,0.008576558902859688
1243000,0.012040006928145885
1244000,0.013752138242125511
1245000,0.008952624164521694
1246000,0.008952624164521694
1247000,0.007106409408152103
1248000,0.009391690604388714
1249000,0.011030314490199089
1250000,0.011030314490199089
1251000,0.01150069572031498
1252000,0.011579596437513828
1253000,0.012751823291182518
1254000,0.012751823291182518
1255000,0.01678946614265442
1256000,0.015542522072792053
1257000,0.01322191208600998
1258000,0.011594600975513458
1259000,0.008278551511466503
1260000,0.005993523634970188
1261000,0.013409721665084362
1262000,0.016200246289372444
1263000,0.016200246289372444
1264000,0.020849745720624924
1265000,0.02302533946931362
1266000,0.02889314852654934
1267000,0.027811769396066666
1268000,0.030938785523176193
1269000,0.030938785523176193
1270000,0.03478025645017624
1271000,0.03478025645017624
1272000,0.03752420097589493
1273000,0.034222520887851715
1274000,0.024941300973296165
1275000,0.019422685727477074
1276000,0.019422685727477074
1277000,0.01812533102929592
1278000,0.024304376915097237
1279000,0.024304376915097237
1280000,0.019192585721611977
1281000,0.01886194758117199
1282000,0.02124605141580105
1283000,0.02311190590262413
1284000,0.02311190590262413
1285000,0.026793425902724266
1286000,0.02713267132639885
1287000,0.022145450115203857
1288000,0.024053972214460373
1289000,0.02226519212126732
1290000,0.030218377709388733
1291000,0.030046528205275536
1292000,0.030046528205275536
1293000,0.027969736605882645
1294000,0.028567049652338028
1295000,0.02989521622657776
1296000,0.02989521622657776
1297000,0.02867082878947258
1298000,0.028658468276262283
1299000,0.03084530308842659
1300000,0.033085860311985016
1301000,0.039407629519701004
1302000,0.039407629519701004
1303000,0.03652092069387436
1304000,0.03937910497188568
1305000,0.03897135704755783
1306000,0.030966416001319885
1307000,0.0312545970082283
1308000,0.0312545970082283
1309000,0.03050748072564602
1310000,0.02993888221681118
1311000,0.033367179334163666
1312000,0.033367179334163666
1313000,0.027990076690912247
1314000,0.029241453856229782
1315000,0.025793761014938354
1316000,0.022306468337774277
1317000,0.022306468337774277
1318000,0.020346051082015038
1319000,0.020346051082015038
1320000,0.01518219243735075
1321000,0.009636888280510902
1322000,0.009521509520709515
1323000,0.009521509520709515
1324000,0.009521509520709515
1325000,0.011253474280238152
1326000,0.013249151408672333
1327000,0.013249151408672333
1328000,0.009133485145866871
1329000,0.006085365079343319
1330000,0.008881348185241222
1331000,0.010078697465360165
1332000,0.010078697465360165
1333000,0.011770064942538738
1334000,0.01849263533949852
1335000,0.015188289806246758
1336000,0.015188289806246758
1337000,0.014285266399383545
1338000,0.015751861035823822
1339000,0.015797514468431473
1340000,0.015797514468431473
1341000,0.01870547980070114
1342000,0.017695365473628044
1343000,0.017695365473628044
1344000,0.013998446054756641
1345000,0.011717942543327808
1346000,0.011717942543327808
1347000,0.012788936495780945
1348000,0.012788936495780945
1349000,0.01678360067307949
1350000,0.01678360067307949
1351000,0.022951077669858932
1352000,0.02305084653198719
1353000,0.02466641180217266
1354000,0.02466641180217266
1355000,0.02884928323328495
1356000,0.032750003039836884
1357000,0.032750003039836884
1358000,0.02973489835858345
1359000,0.02674105390906334
1360000,0.02674105390906334
1361000,0.022655991837382317
1362000,0.0234804879873991
1363000,0.024392928928136826
1364000,0.024392928928136826
1365000,0.022851284593343735
1366000,0.028400728479027748
1367000,0.027926761656999588
1368000,0.027926761656999588
1369000,0.024263087660074234
1370000,0.0281910989433527
1371000,0.02675785683095455
1372000,0.033171553164720535
1373000,0.033171553164720535
1374000,0.033972274512052536
1375000,0.033972274512052536
1376000,0.03532926365733147
1377000,0.03231312707066536
1378000,0.03231312707066536
1379000,0.026289165019989014
1380000,0.027348145842552185
1381000,0.027348145842552185
1382000,0.027736131101846695
1383000,0.026710012927651405
1384000,0.026710012927651405
1385000,0.026230046525597572
1386000,0.025124330073595047
1387000,0.027271786704659462
1388000,0.033609576523303986
1389000,0.03299374133348465
1390000,0.03299374133348465
1391000,0.02864905819296837
1392000,0.02920541726052761
1393000,0.024594662711024284
1394000,0.025260234251618385
1395000,0.025260234251618385
1396000,0.02363796904683113
1397000,0.02363796904683113
1398000,0.021196117624640465
1399000,0.024235105141997337
1400000,0.024235105141997337
1401000,0.020751532167196274
1402000,0.018646305426955223
1403000,0.018646305426955223
1404000,0.016889724880456924
1405000,0.019176021218299866
1406000,0.019176021218299866
1407000,0.022466545924544334
1408000,0.02275005728006363
1409000,0.024625668302178383
1410000,0.024625668302178383
1411000,0.01994752697646618
1412000,0.01840948686003685
1413000,0.022124221548438072
1414000,0.022124221548438072
1415000,0.020420514047145844
1416000,0.019371166825294495
1417000,0.016325170174241066
1418000,0.01724506914615631
1419000,0.01724506914615631
1420000,0.016865689307451248
1421000,0.016865689307451248
1422000,0.01783040165901184
1423000,0.01783040165901184
1424000,0.014131714589893818
1425000,0.014131714589893818
1426000,0.014982493594288826
1427000,0.014982493594288826
1428000,0.013227308169007301
1429000,0.013227308169007301
1430000,0.010367704555392265
1431000,0.012474906630814075
1432000,0.019131358712911606
1433000,0.019131358712911606
1434000,0.020706338807940483
1435000,0.024331219494342804
1436000,0.0320902094244957
1437000,0.0320902094244957
1438000,0.03534730523824692
1439000,0.03256804123520851
1440000,0.03256804123520851
1441000,0.038078319281339645
1442000,0.038078319281339645
1443000,0.03654104471206665
1444000,0.03654104471206665
1445000,0.02928527258336544
1446000,0.024352971464395523
1447000,0.0192981269210577
1448000,0.0192981269210577
1449000,0.018513666465878487
1450000,0.016168389469385147
1451000,0.016168389469385147
1452000,0.011436110362410545
1453000,0.01225990243256092
1454000,0.01225990243256092
1455000,0.010177874937653542
1456000,0.014131588861346245
1457000,0.014131588861346245
1458000,0.014104960486292839
1459000,0.016430573537945747
1460000,0.016430573537945747
1461000,0.01771261915564537
1462000,0.016281550750136375
1463000,0.016224008053541183
1464000,0.012218235060572624
1465000,0.006626150570809841
1466000,0.006626150570809841
1467000,0.0007355818524956703
1468000,0.0007355818524956703
1469000,0.0060196309350430965
1470000,0.0060196309350430965
1471000,0.009610193781554699
1472000,0.01309182308614254
1473000,0.019932739436626434
1474000,0.024802502244710922
1475000,0.029190456494688988
1476000,0.029190456494688988
1477000,0.030985325574874878
1478000,0.030985325574874878
1479000,0.033650726079940796
1480000,0.03238492086529732
1481000,0.03447335585951805
1482000,0.027483966201543808
1483000,0.03074834682047367
1484000,0.03074834682047367
1485000,0.02918054535984993
1486000,0.025123026221990585
1487000,0.02553432248532772
1488000,0.026776541024446487
1489000,0.027633586898446083
1490000,0.026589995250105858
1491000,0.02975304424762726
1492000,0.026043692603707314
1493000,0.01720847189426422
1494000,0.01720847189426422
1495000,0.017426561564207077
1496000,0.017426561564207077
1497000,0.017293032258749008
1498000,0.017255308106541634
1499000,0.013535273261368275
1500000,0.007963974960148335
1501000,0.007963974960148335
1502000,0.0033366952557116747
1503000,0.004482536111027002
1504000,0.0017057640943676233
1505000,0.0017057640943676233
1506000,0.004112337250262499
1507000,0.008405192755162716
1508000,0.004956063814461231
1509000,0.012953415513038635
1510000,0.009210358373820782
1511000,0.009210358373820782
1512000,0.004009331110864878
1513000,0.008228439837694168
1514000,0.008228439837694168
1515000,0.008892275393009186
1516000,0.007479570806026459
1517000,0.004049052484333515
1518000,0.0033803596161305904
1519000,0.00884899403899908
1520000,0.00884899403899908
1521000,0.011005105450749397
1522000,0.011855343356728554
1523000,0.011855343356728554
1524000,0.00676013994961977
1525000,0.008852913975715637
1526000,0.011079655028879642
1527000,0.018149761483073235
1528000,0.018149761483073235
1529000,0.016879647970199585
1530000,0.020660143345594406
1531000,0.019616039469838142
1532000,0.019616039469838142
1533000,0.01875803992152214
1534000,0.01875803992152214
1535000,0.019422542303800583
1536000,0.008923299610614777
1537000,0.008923299610614777
1538000,0.016804087907075882
1539000,0.018340636044740677
1540000,0.018340636044740677
1541000,0.01500021480023861
1542000,0.013619412668049335
1543000,0.0117460573092103
1544000,0.0117460573092103
1545000,0.014131875708699226
1546000,0.020065775141119957
1547000,0.022802576422691345
1548000,0.022802576422691345
1549000,0.018286388367414474
1550000,0.01548601221293211
1551000,0.01548601221293211
1552000,0.023594016209244728
1553000,0.01965600624680519
1554000,0.019461672753095627
1555000,0.019461672753095627
1556000,0.017667068168520927
1557000,0.017667068168520927
1558000,0.019896656274795532
1559000,0.016715157777071
1560000,0.014040944166481495
1561000,0.0221327506005764
1562000,0.025849387049674988
1563000,0.025690216571092606
1564000,0.022234292700886726
1565000,0.024471331387758255
1566000,0.024471331387758255
1567000,0.02532881870865822
1568000,0.02729475498199463
1569000,0.03015958145260811
1570000,0.03015958145260811
1571000,0.033568043261766434
1572000,0.02339974232017994
1573000,0.022491946816444397
1574000,0.022491946816444397
1575000,0.0233165193349123
1576000,0.026427829638123512
1577000,0.018557649105787277
1578000,0.027691030874848366
1579000,0.029921939596533775
1580000,0.029921939596533775
1581000,0.02788858488202095
1582000,0.028939789161086082
1583000,0.026040036231279373
1584000,0.032663170248270035
1585000,0.032663170248270035
1586000,0.019625719636678696
1587000,0.01812918297946453
1588000,0.022139038890600204
1589000,0.018430467694997787
1590000,0.01590671017765999
1591000,0.01590671017765999
1592000,0.011952267959713936
1593000,0.008345769718289375
1594000,0.009241999126970768
1595000,0.007252765353769064
1596000,0.01195468194782734
1597000,0.010438860394060612
1598000,0.010438860394060612
1599000,0.012597689405083656
1600000,0.012597689405083656
1601000,0.014772678725421429
1602000,0.02039259672164917
1603000,0.017838390544056892
1604000,0.018051598221063614
1605000,0.018051598221063614
1606000,0.020148372277617455
1607000,0.026880934834480286
1608000,0.03587237745523453
1609000,0.03587237745523453
1610000,0.031186778098344803
1611000,0.037513457238674164
1612000,0.038269538432359695
1613000,0.03171747922897339
1614000,0.030946576967835426
1615000,0.0369516983628273
1616000,0.03669615462422371
1617000,0.036798056215047836
1618000,0.036798056215047836
1619000,0.030667686834931374
1620000,0.02795744314789772
1621000,0.026846716180443764
1622000,0.026846716180443764
1623000,0.018414009362459183
1624000,0.016515588387846947
1625000,0.016515588387846947
1626000,0.0032123371493071318
1627000,0.0032123371493071318
1628000,-0.002342675579711795
1629000,-0.0032472803723067045
1630000,-0.0032472803723067045
1631000,-0.000523520284332335
1632000,-0.000523520284332335
1633000,-0.009247398003935814
1634000,-0.014044778421521187
1635000,-0.014044778421521187
1636000,-0.011201559565961361
1637000,-0.010445758700370789
1638000,-0.010445758700370789
1639000,-0.011030003428459167
1640000,-0.002977199386805296
1641000,0.007436011917889118
1642000,0.004663934465497732
1643000,0.004663934465497732
1644000,0.007638402283191681
1645000,0.012535737827420235
1646000,0.014721894636750221
1647000,0.014721894636750221
1648000,0.01608484610915184
1649000,0.020634010434150696
1650000,0.020634010434150696
1651000,0.02029258944094181
1652000,0.023302987217903137
1653000,0.0299899373203516
1654000,0.0365942046046257
1655000,0.0365942046046257
1656000,0.0316983163356781
1657000,0.03770320862531662
1658000,0.03601663559675217
1659000,0.04149840399622917
1660000,0.042608194053173065
1661000,0.04214205592870712
1662000,0.036175020039081573
1663000,0.02864852547645569
1664000,0.017173951491713524
1665000,0.016344407573342323
1666000,0.016344407573342323
1667000,0.009885476902127266
1668000,0.00498734088614583
1669000,0.0017747774254530668
1670000,0.0017747774254530668
1671000,-0.0038106360007077456
1672000,-0.005979478359222412
1673000,0.003681026864796877
1674000,0.0020486577413976192
1675000,0.009575248695909977
1676000,0.006384000182151794
1677000,0.00613241083920002
1678000,0.01587657630443573
1679000,0.011186914518475533
1680000,0.017391588538885117
1681000,0.01410606224089861
1682000,0.01410606224089861
1683000,0.01452932320535183
1684000,0.01452932320535183
1685000,0.017529193311929703
1686000,0.021113384515047073
1687000,0.029376965016126633
1688000,0.028425315394997597
1689000,0.03277596831321716
1690000,0.031959302723407745
1691000,0.03496508672833443
1692000,0.03496508672833443
1693000,0.03499917313456535
1694000,0.034291837364435196
1695000,0.03205603361129761
1696000,0.029484525322914124
1697000,0.029484525322914124
1698000,0.02484823949635029
1699000,0.02759925089776516
1700000,0.02759925089776516
1701000,0.016909532248973846
1702000,0.016909532248973846
1703000,0.010346154682338238
1704000,0.003067177254706621
1705000,0.002196827670559287
1706000,0.002196827670559287
1707000,0.00892835296690464
1708000,0.00892835296690464
1709000,0.009143611416220665
1710000,0.01413941103965044
1711000,0.019099900498986244
1712000,0.021459829062223434
1713000,0.024780400097370148
1714000,0.03278607130050659
1715000,0.03704456239938736
1716000,0.03704456239938736
1717000,0.036694955080747604
1718000,0.036694955080747604
1719000,0.03415654972195625
1720000,0.03672746568918228
1721000,0.03536739945411682
1722000,0.033208224922418594
1723000,0.03455059975385666
1724000,0.03778209164738655
1725000,0.03824849799275398
1726000,0.04505108669400215
1727000,0.044981397688388824
1728000,0.040240008383989334
1729000,0.04139919579029083
1730000,0.02829863503575325
1731000,0.02139062061905861
1732000,0.004074432887136936
1733000,-0.0028932946734130383
1734000,-0.0038427270483225584
1735000,-0.01568746380507946
1736000,-0.02167600952088833
1737000,-0.01648210547864437
1738000,-0.017050426453351974
1739000,-0.008306087926030159
1740000,-0.003740099724382162
1741000,0.0012540817260742188
1742000,0.009279265999794006
1743000,0.007416034583002329
1744000,0.00882865022867918
1745000,0.013894481584429741
1746000,0.018218887969851494
1747000,0.018218887969851494
1748000,0.01513170450925827
1749000,0.01610413007438183
1750000,0.018287593498826027
1751000,0.016157368198037148
1752000,0.022828929126262665
1753000,0.022828929126262665
1754000,0.028288964182138443
1755000,0.028288964182138443
1756000,0.023455971851944923
1757000,0.028921280056238174
1758000,0.03276669234037399
1759000,0.03276669234037399
1760000,0.03321456164121628
1761000,0.029924888163805008
1762000,0.029924888163805008
1763000,0.028389140963554382
1764000,0.028389140963554382
1765000,0.014623577706515789
1766000,0.014623577706515789
1767000,0.008367767557501793
1768000,0.005914553068578243
1769000,-0.001206801040098071
1770000,0.006502666976302862
1771000,0.006502666976302862
1772000,0.0019014023710042238
1773000,0.0019014023710042238
1774000,0.005485686473548412
1775000,0.009408353827893734
1776000,0.014897497370839119
1777000,0.014897497370839119
1778000,0.014450041577219963
1779000,0.022472094744443893
1780000,0.02584482729434967
1781000,0.025130650028586388
1782000,0.025130650028586388
1783000,0.024840787053108215
1784000,0.024840787053108215
1785000,0.02454959973692894
1786000,0.024815542623400688
1787000,0.032334569841623306
1788000,0.03231968730688095
1789000,0.0302585419267416
1790000,0.039927855134010315
1791000,0.043875180184841156
1792000,0.043875180184841156
1793000,0.03853851184248924
1794000,0.036331456154584885
1795000,0.028660301119089127
1796000,0.035744063556194305
1797000,0.0312266256660223
1798000,0.027853921055793762
1799000,0.025944745168089867
1800000,0.025944745168089867
1801000,0.022179320454597473
1802000,0.01963062211871147
1803000,0.018201807513833046
1804000,0.013216013088822365
1805000,0.01591988280415535
1806000,0.01591988280415535
1807000,0.024941571056842804
1808000,0.024941571056842804
1809000,0.02047055959701538
1810000,0.018674878403544426
1811000,0.02500537969172001
1812000,0.026808252558112144
1813000,0.02398938313126564
1814000,0.02373850718140602
1815000,0.02373850718140602
1816000,0.0222394410520792
1817000,0.02285296656191349
1818000,0.02285296656191349
1819000,0.016374748200178146
1820000,0.012542870827019215
1821000,0.012848558835685253
1822000,0.012848558835685253
1823000,0.008463745005428791
1824000,0.008623507805168629
1825000,0.008974475786089897
1826000,0.008974475786089897
1827000,0.008974475786089897
1828000,0.006567115895450115
1829000,-0.0005703646456822753
1830000,0.001961763948202133
1831000,-4.46634367108345e-05
1832000,-4.46634367108345e-05
1833000,0.0011432855390012264
1834000,-0.0025246492587029934
1835000,0.00054601498413831
1836000,0.0028528980910778046
1837000,-0.0018483817111700773
1838000,-0.0018483817111700773
1839000,-0.003854579059407115
1840000,0.01188422180712223
1841000,0.01188422180712223
1842000,0.012383493594825268
1843000,0.008540064096450806
1844000,0.013051372952759266
1845000,0.01675949990749359
1846000,0.01985037699341774
1847000,0.01985037699341774
1848000,0.024556268006563187
1849000,0.02034822665154934
1850000,0.02030201256275177
1851000,0.029127713292837143
1852000,0.038004178553819656
1853000,0.04327373579144478
1854000,0.046603135764598846
1855000,0.0488680824637413
1856000,0.052355051040649414
1857000,0.05435274913907051
1858000,0.04931161552667618
1859000,0.04794376343488693
1860000,0.04794376343488693
1861000,0.04821058362722397
1862000,0.035388510674238205
1863000,0.031106743961572647
1864000,0.031106743961572647
1865000,0.02713874541223049
1866000,0.029334792867302895
1867000,0.028302734717726707
1868000,0.028302734717726707
1869000,0.025236036628484726
1870000,0.025236036628484726
1871000,0.01658114418387413
1872000,0.014789318665862083
1873000,0.020082980394363403
1874000,0.020429713651537895
1875000,0.01777811534702778
1876000,0.01737111434340477
1877000,0.013553994707763195
1878000,0.00806625746190548
1879000,0.010775996372103691
1880000,0.0053390697576105595
1881000,0.003405725583434105
1882000,0.004394602030515671
1883000,0.00520991999655962
1884000,0.017719291150569916
1885000,0.017719291150569916
1886000,0.02518475614488125
1887000,0.03238574415445328
1888000,0.03238574415445328
1889000,0.0324271023273468
1890000,0.035275544971227646
1891000,0.03744392842054367
1892000,0.036646001040935516
1893000,0.03528499975800514
1894000,0.030375856906175613
1895000,0.02547353133559227
1896000,0.02547353133559227
1897000,0.013159431517124176
1898000,0.01054711639881134
1899000,0.0036472207866609097
1900000,0.004128513392060995
1901000,0.004128513392060995
1902000,0.0039625344797968864
1903000,0.008158760145306587
1904000,0.004511638078838587
1905000,0.004511638078838587
1906000,-0.002848027739673853
1907000,-0.007760085165500641
1908000,-0.007760085165500641
1909000,-0.006821379065513611
1910000,-0.01156655140221119
1911000,-0.014683487825095654
1912000,-0.00869122426956892
1913000,-0.00869122426956892
1914000,-0.00917774997651577
1915000,-0.00917774997651577
1916000,-0.00981043465435505
1917000,-0.007215239107608795
1918000,-0.007215239107608795
1919000,-0.009660350158810616
1920000,-0.010549782775342464
1921000,-0.010549782775342464
1922000,-0.01054738275706768
1923000,-0.007936829701066017
1924000,-0.007936829701066017
1925000,0.002365721622481942
1926000,0.009234072640538216
1927000,0.012486803345382214
1928000,0.012486803345382214
1929000,0.011956424452364445
1930000,0.015397945418953896
1931000,0.01435339916497469
1932000,0.01435339916497469
1933000,0.017164546996355057
1934000,0.02156699448823929
1935000,0.02433658018708229
1936000,0.02433658018708229
1937000,0.028840264305472374
1938000,0.03243840113282204
1939000,0.031019533053040504
1940000,0.02663930132985115
1941000,0.02663930132985115
1942000,0.02663930132985115
1943000,0.018668431788682938
1944000,0.01087314635515213
1945000,0.009023137390613556
1946000,0.013490097597241402
1947000,0.015791030600667
1948000,0.013762012124061584
1949000,0.014879586175084114
1950000,0.014879586175084114
1951000,0.009174810722470284
1952000,0.003389855846762657
1953000,0.0011198612628504634
1954000,0.0006773904897272587
1955000,-0.004029604606330395
1956000,-0.004029604606330395
1957000,-0.003398643108084798
1958000,-0.00031938665779307485
1959000,-0.001122514484450221
1960000,0.008411237969994545
1961000,0.007470687385648489
1962000,0.0024998404551297426
1963000,0.009713836014270782
1964000,0.012735530734062195
1965000,0.012735530734062195
1966000,0.0137608852237463
1967000,0.01916847750544548
1968000,0.022581245750188828
1969000,0.022410113364458084
1970000,0.023791173473000526
1971000,0.022530632093548775
1972000,0.022530632093548775
1973000,0.02058962732553482
1974000,0.02058962732553482
1975000,0.019961729645729065
1976000,0.02249419130384922
1977000,0.03010660968720913
1978000,0.029574820771813393
1979000,0.0325482077896595
1980000,0.0325482077896595
1981000,0.028941597789525986
1982000,0.02075563371181488
1983000,0.02075563371181488
1984000,0.014859804883599281
1985000,0.014859804883599281
1986000,0.0012772784102708101
1987000,0.0023275662679225206
1988000,0.01024309080094099
1989000,-0.0007377907750196755
1990000,-0.0007377907750196755
1991000,-0.000499955378472805
1992000,0.00817779265344143
1993000,0.008368506096303463
1994000,0.009018178097903728
1995000,0.011166435666382313
1996000,0.009630038402974606
1997000,0.009630038402974606
1998000,0.012100152671337128
1999000,0.01866217516362667
2000000,0.021351367235183716
2001000,0.021351367235183716
2002000,0.021868189796805382
2003000,0.026432018727064133
2004000,0.02505571022629738
2005000,0.02505571022629738
2006000,0.03312871605157852
2007000,0.03312871605157852
2008000,0.032860007137060165
2009000,0.03454924374818802
2010000,0.03454924374818802
2011000,0.028654014691710472
2012000,0.03036925569176674
2013000,0.03036925569176674
2014000,0.024100493639707565
2015000,0.023710675537586212
2016000,0.020029591396450996
2017000,0.01766524650156498
2018000,0.01776597462594509
2019000,0.016745585948228836
2020000,0.0163346529006958
2021000,0.0163346529006958
2022000,0.012223866768181324
2023000,0.00988774374127388
2024000,0.014621533453464508
2025000,0.010488072410225868
2026000,0.0063360645435750484
2027000,0.012277914211153984
2028000,0.0179558414965868
2029000,0.01364055834710598
2030000,0.01364055834710598
2031000,0.013529391959309578
2032000,0.013529391959309578
2033000,0.01031298004090786
2034000,0.01031298004090786
2035000,0.01031298004090786
2036000,0.0032221325673162937
2037000,0.003555248724296689
2038000,0.005085713230073452
2039000,0.009905929677188396
2040000,0.012170285917818546
2041000,0.013155728578567505
2042000,0.015199011191725731
2043000,0.009415269829332829
2044000,0.009415269829332829
2045000,0.0037792795337736607
2046000,0.007471907883882523
2047000,0.007471907883882523
2048000,0.007471907883882523
2049000,0.00041850656270980835
2050000,0.003454382997006178
2051000,0.0005493080243468285
2052000,-0.004868554882705212
2053000,-0.012666182592511177
2054000,-0.02594435214996338
2055000,-0.02594435214996338
2056000,-0.033657439053058624
2057000,-0.03447216749191284
2058000,-0.037889935076236725
2059000,-0.07176287472248077
2060000,-0.08217397332191467
2061000,-0.10559600591659546
2062000,-0.11103922128677368
2063000,-0.11340950429439545
2064000,-0.12352367490530014
2065000,-0.11979468911886215
2066000,-0.11240710318088531
2067000,-0.1020110622048378
2068000,-0.08774365484714508
2069000,-0.08055653423070908
2070000,-0.08055653423070908
2071000,-0.07062207907438278
2072000,-0.057236652821302414
2073000,-0.04663257673382759
2074000,-0.04663257673382759
2075000,-0.023352498188614845
2076000,-0.003727902192622423
2077000,-0.0004663610889110714
2078000,-0.0004663610889110714
2079000,0.008059145882725716
2080000,0.012548993341624737
2081000,0.009973135776817799
2082000,0.009895041584968567
2083000,0.009895041584968567
2084000,0.00844297744333744
2085000,0.01046986598521471
2086000,0.0028632446192204952
2087000,0.0005045965081080794
2088000,0.0005045965081080794
2089000,0.00961972028017044
2090000,0.005488551687449217
2091000,0.003189053386449814
2092000,-0.003055642358958721
2093000,-0.008290807716548443
2094000,-0.0074829221703112125
2095000,-0.01300308108329773
2096000,-0.016813991591334343
2097000,-0.016813991591334343
2098000,-0.017412548884749413
2099000,-0.014006266370415688
2100000,-0.010168986395001411
2101000,-0.005606126505881548
2102000,-0.0003948535886593163
2103000,-0.0003948535886593163
2104000,0.006651543080806732
2105000,0.013874584808945656
2106000,0.020090308040380478
2107000,0.026268625631928444
2108000,0.029086638242006302
2109000,0.0374305360019207
2110000,0.04830889403820038
2111000,0.04930438846349716
2112000,0.05266530439257622
2113000,0.052391309291124344
2114000,0.05887078121304512
2115000,0.05886544659733772
2116000,0.05541018396615982
2117000,0.05483065918087959
2118000,0.0534539595246315
2119000,0.0534539595246315
2120000,0.047311000525951385
2121000,0.04376029968261719
2122000,0.04156162962317467
2123000,0.03961017727851868
2124000,0.036943987011909485
2125000,0.03685208410024643
2126000,0.03139076381921768
2127000,0.030350055545568466
2128000,0.024247875437140465
2129000,0.024247875437140465
2130000,0.027814310044050217
2131000,0.02486993744969368
2132000,0.01592358946800232
2133000,0.020746644586324692
2134000,0.020746644586324692
2135000,0.01527054887264967
2136000,0.014048794284462929
2137000,0.014048794284462929
2138000,0.006626644637435675
2139000,0.006626644637435675
2140000,0.002322424901649356
2141000,-0.000565464433748275
2142000,0.002359546022489667
2143000,0.002359546022489667
2144000,-0.0003118738532066345
2145000,0.005005143582820892
2146000,0.005005143582820892
2147000,0.00511394627392292
2148000,0.00558076985180378
2149000,0.00558076985180378
2150000,0.005755667574703693
2151000,0.005755667574703693
2152000,0.011338116601109505
2153000,0.010617698542773724
2154000,0.013837883248925209
2155000,0.014679898507893085
2156000,0.014679898507893085
2157000,0.01806033030152321
2158000,0.01827983185648918
2159000,0.01827983185648918
2160000,0.017682570964097977
2161000,0.017535995692014694
2162000,0.017535995692014694
2163000,0.016609501093626022
2164000,0.020030783489346504
2165000,0.019948894158005714
2166000,0.019948894158005714
2167000,0.02050658129155636
2168000,0.02050658129155636
2169000,0.024431275203824043
2170000,0.030043384060263634
2171000,0.030043384060263634
2172000,0.030043384060263634
2173000,0.021935302764177322
2174000,0.021935302764177322
2175000,0.02406243607401848
2176000,0.023500101640820503
2177000,0.023500101640820503
2178000,0.02182561345398426
2179000,0.02182561345398426
2180000,0.019333485513925552
2181000,0.019333485513925552
2182000,0.016474705189466476
2183000,0.013828141614794731
2184000,0.013828141614794731
2185000,0.01663084700703621
2186000,0.014717914164066315
2187000,0.014717914164066315
2188000,0.014717914164066315
2189000,0.014717914164066315
2190000,0.013879564590752125
2191000,0.018896672874689102
2192000,0.020465338602662086
2193000,0.020465338602662086
2194000,0.022625571116805077
2195000,0.0312662236392498
2196000,0.03466279059648514
2197000,0.03466279059648514
2198000,0.03509806841611862
2199000,0.03539261594414711
2200000,0.03950395807623863
2201000,0.03950395807623863
2202000,0.03983202949166298
2203000,0.03937210887670517
2204000,0.03937210887670517
2205000,0.03937210887670517
2206000,0.0369127094745636
2207000,0.0369127094745636
2208000,0.03320315107703209
2209000,0.037142377346754074
2210000,0.040508002042770386
2211000,0.04112912714481354
2212000,0.04112912714481354
2213000,0.03249283879995346
2214000,0.03249283879995346
2215000,0.023227348923683167
2216000,0.017390836030244827
2217000,0.015855906531214714
2218000,0.008605440147221088
2219000,0.008605440147221088
2220000,0.008605440147221088
2221000,0.008605440147221088
2222000,-0.0015829462790861726
2223000,-0.0015829462790861726
2224000,-0.0040507190860807896
2225000,-0.0040507190860807896
2226000,-0.010085183195769787
2227000,-0.0195762999355793
2228000,-0.0195762999355793
2229000,-0.021748997271060944
2230000,-0.021748997271060944
2231000,-0.025545507669448853
2232000,-0.022584358230233192
2233000,-0.019588332623243332
2234000,-0.019588332623243332
2235000,-0.016673818230628967
2236000,-0.004751226864755154
2237000,-0.007214413024485111
2238000,0.0011633981484919786
2239000,0.0011633981484919786
2240000,0.0016274868976324797
2241000,0.0015471935039386153
2242000,0.006108943838626146
2243000,0.015168502926826477
2244000,0.02174924686551094
2245000,0.027348414063453674
2246000,0.03170425817370415
2247000,0.032256659120321274
2248000,0.042186491191387177
2249000,0.04405120760202408
2250000,0.04482591524720192
2251000,0.046719156205654144
2252000,0.04745541885495186
2253000,0.05267999321222305
2254000,0.04830162972211838
2255000,0.04830162972211838
2256000,0.03796296566724777
2257000,0.020152205601334572
2258000,0.020556597039103508
2259000,0.020556597039103508
2260000,0.006050278432667255
2261000,0.005410877056419849
2262000,-0.00014167632616590708
2263000,-0.004185197409242392
2264000,-0.00802293885499239
2265000,-0.01841627061367035
2266000,-0.020797565579414368
2267000,-0.02373184822499752
2268000,-0.018614331260323524
2269000,-0.014086505398154259
2270000,-0.016805533319711685
2271000,-0.010617785155773163
2272000,-0.007052168250083923
2273000,-0.005627448670566082
2274000,-0.005627448670566082
2275000,-0.00405918899923563
2276000,0.005511903204023838
2277000,0.010221026837825775
2278000,0.020462876185774803
2279000,0.02081189677119255
2280000,0.02970254421234131
2281000,0.029327059164643288
2282000,0.03196599334478378
2283000,0.030135968700051308
2284000,0.03436361253261566
2285000,0.043939828872680664
2286000,0.04555026814341545
2287000,0.0491008535027504
2288000,0.042298026382923126
2289000,0.042298026382923126
2290000,0.03181740269064903
2291000,0.01905928924679756
2292000,0.023937996476888657
2293000,0.02372165024280548
2294000,0.01795676164329052
2295000,0.01795676164329052
2296000,0.011814248748123646
2297000,0.007618963718414307
2298000,0.007618963718414307
2299000,0.001050966209731996
2300000,-0.002349753398448229
2301000,-0.007494556717574596
2302000,-0.006077813450247049
2303000,-0.008658518083393574
2304000,-0.013837946578860283
2305000,-0.015066037885844707
2306000,-0.009225661866366863
2307000,-0.0054145073518157005
2308000,-0.007757033221423626
2309000,-0.007757033221423626
2310000,-0.013677100650966167
2311000,-0.015624700114130974
2312000,-0.008234964683651924
2313000,-0.008234964683651924
2314000,-0.010840293020009995
2315000,-0.0038958091754466295
2316000,-0.0017570641357451677
2317000,0.0036248869728296995
2318000,0.010590900667011738
2319000,0.018202519044280052
2320000,0.0265243761241436
2321000,0.03163620084524155
2322000,0.03858821466565132
2323000,0.0392930805683136
2324000,0.038452304899692535
2325000,0.04285679757595062
2326000,0.04733990877866745
2327000,0.04733990877866745
2328000,0.04309335723519325
2329000,0.03553462773561478
2330000,0.024766113609075546
2331000,0.021660814061760902
2332000,0.02222380042076111
2333000,0.023217706009745598
2334000,0.021547986194491386
2335000,0.026349101215600967
2336000,0.02762153372168541
2337000,0.02762153372168541
2338000,0.02050960436463356
2339000,0.013159504160284996
2340000,0.011890416964888573
2341000,0.00696673896163702
2342000,0.0022864548955112696
2343000,0.004190037492662668
2344000,-0.0031759224366396666
2345000,-0.0069788433611392975
2346000,-0.0029421045910567045
2347000,-0.004312324337661266
2348000,-0.004312324337661266
2349000,-0.010603862814605236
2350000,-0.004179211799055338
2351000,0.004471472464501858
2352000,0.009238201193511486
2353000,0.00918450765311718
2354000,0.011764252558350563
2355000,0.011764252558350563
2356000,0.007604591548442841
2357000,0.010638916864991188
2358000,0.015066077932715416
2359000,0.013991430401802063
2360000,0.012915383093059063
2361000,0.012915383093059063
2362000,0.014996263198554516
2363000,0.011965803802013397
2364000,0.008036351762712002
2365000,0.011131441220641136
2366000,0.0110538424924016
2367000,0.016043277457356453
2368000,0.021381806582212448
2369000,0.019923696294426918
2370000,0.017535749822854996
2371000,0.017535749822854996
2372000,0.026076193898916245
2373000,0.026076193898916245
2374000,0.020418141037225723
2375000,0.023770615458488464
2376000,0.027004951611161232
2377000,0.027497148141264915
2378000,0.026412006467580795
2379000,0.024911392480134964
2380000,0.024911392480134964
2381000,0.01819625124335289
2382000,0.021834293380379677
2383000,0.024078723043203354
2384000,0.024078723043203354
2385000,0.019111299887299538
2386000,0.018752362579107285
2387000,0.018752362579107285
2388000,0.018752362579107285
2389000,0.01929478906095028
2390000,0.01786758005619049
2391000,0.016645750030875206
2392000,0.013215968385338783
2393000,0.008130530826747417
2394000,0.008130530826747417
2395000,0.0017233991529792547
2396000,0.001695722690783441
2397000,0.0031482905615121126
2398000,0.0031482905615121126
2399000,0.0012633040314540267
2400000,0.0030289285350590944
2401000,0.0030289285350590944
2402000,0.0073774345219135284
2403000,0.0073774345219135284
2404000,0.005808532703667879
2405000,0.01009443961083889
2406000,0.01762581057846546
2407000,0.01762581057846546
2408000,0.019184257835149765
2409000,0.018092650920152664
2410000,0.022665707394480705
2411000,0.01890629529953003
2412000,0.01813829503953457
2413000,0.019663888961076736
2414000,0.019663888961076736
2415000,0.017880577594041824
2416000,0.02010660618543625
2417000,0.02088201232254505
2418000,0.02088201232254505
2419000,0.010837544687092304
2420000,0.005438175052404404
2421000,0.012269249185919762
2422000,0.007486497052013874
2423000,0.00328609487041831
2424000,0.00328609487041831
2425000,-0.0014003341784700751
2426000,-0.0015161841874942183
2427000,-0.0015161841874942183
2428000,-0.004291726741939783
2429000,-0.0013029031688347459
2430000,-0.001553072826936841
2431000,-0.0037677795626223087
2432000,-0.0037677795626223087
2433000,-0.0028353133238852024
2434000,0.0023338664323091507
2435000,-0.000588734052143991
2436000,0.0020181643776595592
2437000,0.005455520004034042
2438000,0.005455520004034042
2439000,0.00739230727776885
2440000,0.00739230727776885
2441000,0.012850525788962841
2442000,0.01670779287815094
2443000,0.019085820764303207
2444000,0.03196033835411072
2445000,0.04118049517273903
2446000,0.036700762808322906
2447000,0.036700762808322906
2448000,0.03419804573059082
2449000,0.034933384507894516
2450000,0.04248633235692978
2451000,0.04248633235692978
2452000,0.04248633235692978
2453000,0.04248633235692978
2454000,0.04248633235692978
2455000,0.04248633235692978
2456000,0.04248633235692978
2457000,0.04248633235692978
2458000,0.04248633235692978
2459000,0.04248633235692978
2460000,0.04248633235692978
2461000,0.04248633235692978
2462000,0.04248633235692978
